-- MySQL dump 10.13  Distrib 5.7.17, for Win64 (x86_64)
--
-- Host: localhost    Database: finalyocuidoentity
-- ------------------------------------------------------
-- Server version	5.7.20-log

/*!40101 SET @OLD_CHARACTER_SET_CLIENT=@@CHARACTER_SET_CLIENT */;
/*!40101 SET @OLD_CHARACTER_SET_RESULTS=@@CHARACTER_SET_RESULTS */;
/*!40101 SET @OLD_COLLATION_CONNECTION=@@COLLATION_CONNECTION */;
/*!40101 SET NAMES utf8 */;
/*!40103 SET @OLD_TIME_ZONE=@@TIME_ZONE */;
/*!40103 SET TIME_ZONE='+00:00' */;
/*!40014 SET @OLD_UNIQUE_CHECKS=@@UNIQUE_CHECKS, UNIQUE_CHECKS=0 */;
/*!40014 SET @OLD_FOREIGN_KEY_CHECKS=@@FOREIGN_KEY_CHECKS, FOREIGN_KEY_CHECKS=0 */;
/*!40101 SET @OLD_SQL_MODE=@@SQL_MODE, SQL_MODE='NO_AUTO_VALUE_ON_ZERO' */;
/*!40111 SET @OLD_SQL_NOTES=@@SQL_NOTES, SQL_NOTES=0 */;

--
-- Table structure for table `stra_acciones`
--

DROP TABLE IF EXISTS `stra_acciones`;
/*!40101 SET @saved_cs_client     = @@character_set_client */;
/*!40101 SET character_set_client = utf8 */;
CREATE TABLE `stra_acciones` (
  `id_stra_accion` int(11) NOT NULL AUTO_INCREMENT,
  `nombre` varchar(45) NOT NULL,
  PRIMARY KEY (`id_stra_accion`)
) ENGINE=InnoDB AUTO_INCREMENT=10 DEFAULT CHARSET=utf8;
/*!40101 SET character_set_client = @saved_cs_client */;

--
-- Dumping data for table `stra_acciones`
--

LOCK TABLES `stra_acciones` WRITE;
/*!40000 ALTER TABLE `stra_acciones` DISABLE KEYS */;
INSERT INTO `stra_acciones` VALUES (1,'Crear reporte'),(2,'Validar reporte'),(3,'Rechazar reporte'),(4,'Ya no es un reporte'),(5,'Actualizar información adicional'),(6,'Validar foto'),(7,'Rechazar foto'),(8,'Adicionar foto'),(9,'Cambiar imagén principal');
/*!40000 ALTER TABLE `stra_acciones` ENABLE KEYS */;
UNLOCK TABLES;

--
-- Table structure for table `stra_auditoria`
--

DROP TABLE IF EXISTS `stra_auditoria`;
/*!40101 SET @saved_cs_client     = @@character_set_client */;
/*!40101 SET character_set_client = utf8 */;
CREATE TABLE `stra_auditoria` (
  `id_stra_auditoria` int(11) NOT NULL AUTO_INCREMENT,
  `id_stra_accion` int(11) NOT NULL,
  `id_stra_elefante` int(11) NOT NULL,
  `id_stra_usuario` int(11) NOT NULL,
  `id_stra_tipo` int(11) NOT NULL,
  `datos` varchar(2028) NOT NULL,
  `fecha_creacion` datetime NOT NULL,
  `usuario` varchar(100) DEFAULT NULL,
  `titulo` varchar(45) DEFAULT NULL,
  PRIMARY KEY (`id_stra_auditoria`),
  KEY `fk_stra_auditoria_fk_stra_acciones_idx` (`id_stra_accion`),
  KEY `fk_stra_auditoria_fk_stra_tipos_idx` (`id_stra_tipo`),
  CONSTRAINT `fk_stra_auditoria_fk_stra_acciones` FOREIGN KEY (`id_stra_accion`) REFERENCES `stra_acciones` (`id_stra_accion`) ON DELETE NO ACTION ON UPDATE NO ACTION,
  CONSTRAINT `fk_stra_auditoria_fk_stra_tipos` FOREIGN KEY (`id_stra_tipo`) REFERENCES `stra_tipos` (`id_stra_tpo`) ON DELETE NO ACTION ON UPDATE NO ACTION
) ENGINE=InnoDB AUTO_INCREMENT=699 DEFAULT CHARSET=utf8;
/*!40101 SET character_set_client = @saved_cs_client */;

--
-- Dumping data for table `stra_auditoria`
--

LOCK TABLES `stra_auditoria` WRITE;
/*!40000 ALTER TABLE `stra_auditoria` DISABLE KEYS */;
INSERT INTO `stra_auditoria` VALUES (1,1,423,0,1,' Departamento : 25 // Municipio : 25200 // Dirección : Direccion // Latitud : 5.0596016 // Longitud : -73.9791577 // Entidad : posible entidad // Rango de Tiempo : 1 // Título : SIIIIIII // Motivo : 1 // Costo : 123456789 // Contratista : contratista //','2017-07-31 18:39:34','Móvil','SIIIIIII'),(2,1,426,0,1,' Departamento : 25 // Municipio : 25200 // Dirección : Direccion // Latitud : 5.0596016 // Longitud : -73.9791577 // Entidad : posible entidad // Rango de Tiempo : 1 // Título : SIIIIIII // Motivo : 1 // Costo : 123456789 // Contratista : admin //','2017-07-31 18:45:22','Móvil','SIIIIIII'),(3,1,429,0,1,' Departamento : 25 // Municipio : 25200 // Dirección : Direccion // Latitud : 5.0596016 // Longitud : -73.9791577 // Entidad : posible entidad // Rango de Tiempo : 1 // Título : NOOOOO // Motivo : 1 // Costo : 123456789 // Contratista : admin //','2017-07-31 18:49:51','Móvil','NOOOOO'),(4,1,431,0,1,' Departamento : 25 // Municipio : 25200 // Dirección : Direccion // Latitud : 5.0596016 // Longitud : -73.9791577 // Entidad : posible entidad // Rango de Tiempo : 1 // Título : NOOOOO // Motivo : 1 // Costo : 123456789 // Contratista : admin //','2017-08-01 09:39:08','Móvil','NOOOOO'),(5,1,436,0,1,' Departamento : 25 // Municipio : 25200 // Dirección : Direccion // Latitud : 5.0596016 // Longitud : -73.9791577 // Entidad : posible entidad // Rango de Tiempo : 1 // Título : NOOOOO // Motivo : 1 // Costo : 123456789 // Contratista : admin //','2017-08-01 09:43:42','Móvil','NOOOOO'),(6,1,437,0,1,' Departamento : 25 // Municipio : 25200 // Dirección : Direccion // Latitud : 5.0596016 // Longitud : -73.9791577 // Entidad : posible entidad // Rango de Tiempo : 1 // Título : NOOOOO // Motivo : 1 // Costo : 123456789 // Contratista : admin //','2017-08-01 09:55:48','Móvil','NOOOOO'),(7,1,438,0,1,' Departamento : 25 // Municipio : 25200 // Dirección : Direccion // Latitud : 5.0596016 // Longitud : -73.9791577 // Entidad : posible entidad // Rango de Tiempo : 1 // Título : NOOOOO // Motivo : 1 // Costo : 123456789 // Contratista : admin //','2017-08-01 09:55:49','Móvil','NOOOOO'),(8,1,439,0,1,' Departamento : 25 // Municipio : 25200 // Dirección : Direccion // Latitud : 5.0596016 // Longitud : -73.9791577 // Entidad : posible entidad // Rango de Tiempo : 1 // Título : YYYYYYYY // Motivo : 1 // Costo : 123456789 // Contratista : admin //','2017-08-01 09:56:01','Móvil','YYYYYYYY'),(9,1,440,0,1,' Departamento : 25 // Municipio : 25200 // Dirección : CL 3 CON KR 3 (COGUA (Cundinamarca) // Latitud : 5.0596215 // Longitud : -73.9791691 // Entidad : gg // Rango de Tiempo : 1 // Título : hh // Motivo : 1 // Costo : 88 // Contratista : gh //','2017-08-01 09:56:35','Móvil','hh'),(10,1,441,0,1,' Departamento : 25 // Municipio : 25200 // Dirección : CL 3 CON KR 3 (COGUA (Cundinamarca) // Latitud : 5.0596215 // Longitud : -73.9791691 // Entidad : gg // Rango de Tiempo : 1 // Título : hh // Motivo : 1 // Costo : 88 // Contratista : gh //','2017-08-01 09:56:37','Móvil','hh'),(11,1,443,0,1,' Departamento : 25 // Municipio : 25200 // Dirección : Direccion // Latitud : 5.0596016 // Longitud : -73.9791577 // Entidad : posible entidad // Rango de Tiempo : 1 // Título : HOLA // Motivo : 1 // Costo : 123456789 // Contratista : admin //','2017-08-01 09:58:52','Móvil','HOLA'),(12,1,444,0,1,' Departamento : 25 // Municipio : 25200 // Dirección : Direccion // Latitud : 5.0596016 // Longitud : -73.9791577 // Entidad : posible entidad // Rango de Tiempo : 1 // Título : HOLA // Motivo : 1 // Costo : 123456789 // Contratista : admin //','2017-08-01 09:59:03','Móvil','HOLA'),(13,1,445,0,1,' Departamento : 25 // Municipio : 25200 // Dirección : CL 3 CON KR 3 (COGUA (Cundinamarca) // Latitud : 5.0596016 // Longitud : -73.9791577 // Entidad : kjhgcc // Rango de Tiempo : 1 // Título : yuuuu // Motivo : 1 // Costo : 58874 // Contratista : ugdru //','2017-08-01 09:59:14','Móvil','yuuuu'),(14,1,446,0,1,' Departamento : 25 // Municipio : 25200 // Dirección : CL 3 CON KR 3 (COGUA (Cundinamarca) // Latitud : 5.0596016 // Longitud : -73.9791577 // Entidad : kjhgcc // Rango de Tiempo : 1 // Título : yuuuu // Motivo : 1 // Costo : 58874 // Contratista : ugdru //','2017-08-01 09:59:15','Móvil','yuuuu'),(15,1,448,0,1,' Departamento : 25 // Municipio : 25200 // Dirección : CL 3 CON KR 3 (COGUA (Cundinamarca) // Latitud : 5.0595922 // Longitud : -73.9791807 // Entidad : hhy // Rango de Tiempo : 1 // Título : yyy // Motivo : 1 // Costo : 55 // Contratista : jgf6yhv //','2017-08-01 10:03:01','Móvil','yyy'),(16,1,449,0,1,' Departamento : 25 // Municipio : 25200 // Dirección : CL 3 CON KR 3 (COGUA (Cundinamarca) // Latitud : 5.0595922 // Longitud : -73.9791807 // Entidad : hhy // Rango de Tiempo : 1 // Título : yyy // Motivo : 1 // Costo : 55 // Contratista : jgf6yhv //','2017-08-01 10:03:04','Móvil','yyy'),(17,1,450,0,1,' Departamento : 25 // Municipio : 25200 // Dirección : CL 3 CON KR 3 (COGUA (Cundinamarca) // Latitud : 5.0595922 // Longitud : -73.9791807 // Entidad : hhy // Rango de Tiempo : 1 // Título : yyy // Motivo : 1 // Costo : 55 // Contratista : jgf6yhv //','2017-08-01 10:03:06','Móvil','yyy'),(18,1,452,0,1,' Departamento : 25 // Municipio : 25200 // Dirección : Direccion // Latitud : 5.0596016 // Longitud : -73.9791577 // Entidad : posible entidad // Rango de Tiempo : 1 // Título : HOLA // Motivo : 1 // Costo : 123456789 // Contratista : admin //','2017-08-01 10:09:08','Móvil','HOLA'),(19,1,461,0,1,' Departamento : 25 // Municipio : 25200 // Dirección : Direccion // Latitud : 5.0596016 // Longitud : -73.9791577 // Entidad : posible entidad // Rango de Tiempo : 1 // Título : 999 // Motivo : 1 // Costo : 123456789 // Contratista : admin //','2017-08-01 10:36:16','Móvil','999'),(20,1,462,0,1,' Departamento : 25 // Municipio : 25200 // Dirección : Direccion // Latitud : 5.0596016 // Longitud : -73.9791577 // Entidad : posible entidad // Rango de Tiempo : 1 // Título : 999 // Motivo : 1 // Costo : 123456789 // Contratista : admin //','2017-08-01 10:37:15','Móvil','999'),(21,1,463,0,1,' Departamento : 25 // Municipio : 25200 // Dirección : Direccion // Latitud : 5.0596016 // Longitud : -73.9791577 // Entidad : posible entidad // Rango de Tiempo : 1 // Título : 999 // Motivo : 1 // Costo : 123456789 // Contratista : admin //','2017-08-01 10:37:17','Móvil','999'),(22,1,482,0,1,' Departamento : 25 // Municipio : 25200 // Dirección : Direccion // Latitud : 5.0596016 // Longitud : -73.9791577 // Entidad : posible entidad // Rango de Tiempo : 1 // Título : 999 // Motivo : 1 // Costo : 123456789 // Contratista : admin //','2017-08-01 11:22:16','Móvil','999'),(23,1,483,0,1,' Departamento : 25 // Municipio : 25200 // Dirección : Direccion // Latitud : 5.0596016 // Longitud : -73.9791577 // Entidad : posible entidad // Rango de Tiempo : 1 // Título : Estado Final // Motivo : 1 // Costo : 123456789 // Contratista : admin //','2017-08-01 11:22:50','Móvil','Estado Final'),(24,1,484,0,1,' Departamento : 25 // Municipio : 25200 // Dirección : Direccion // Latitud : 5.0596016 // Longitud : -73.9791577 // Entidad : posible entidad // Rango de Tiempo : 1 // Título : Estado Final // Motivo : 1 // Costo : 123456789 // Contratista : admin //','2017-08-01 11:24:27','Móvil','Estado Final'),(25,1,485,0,1,' Departamento : 25 // Municipio : 25200 // Dirección : Direccion // Latitud : 5.0596016 // Longitud : -73.9791577 // Entidad : posible entidad // Rango de Tiempo : 1 // Título : Estado Final // Motivo : 1 // Costo : 123456789 // Contratista : admin //','2017-08-01 11:24:29','Móvil','Estado Final'),(26,1,486,0,1,' Departamento : 25 // Municipio : 25200 // Dirección : Direccion // Latitud : 5.0596016 // Longitud : -73.9791577 // Entidad : posible entidad // Rango de Tiempo : 1 // Título : Estado Final // Motivo : 1 // Costo : 123456789 // Contratista : admin //','2017-08-01 11:24:30','Móvil','Estado Final'),(27,1,487,0,1,' Departamento : 25 // Municipio : 25200 // Dirección : Direccion // Latitud : 5.0596016 // Longitud : -73.9791577 // Entidad : posible entidad // Rango de Tiempo : 1 // Título : HOLA1 // Motivo : 1 // Costo : 123456789 // Contratista : admin //','2017-08-01 11:24:58','Móvil','HOLA1'),(28,1,488,0,1,' Departamento : 25 // Municipio : 25200 // Dirección : Direccion // Latitud : 5.0596016 // Longitud : -73.9791577 // Entidad : posible entidad // Rango de Tiempo : 1 // Título : HOLA1 // Motivo : 1 // Costo : 123456789 // Contratista : admin //','2017-08-01 11:25:00','Móvil','HOLA1'),(29,1,489,0,1,' Departamento : 25 // Municipio : 25200 // Dirección : Direccion // Latitud : 5.0596016 // Longitud : -73.9791577 // Entidad : posible entidad // Rango de Tiempo : 1 // Título : HOLA1 // Motivo : 1 // Costo : 123456789 // Contratista : admin //','2017-08-01 11:25:05','Móvil','HOLA1'),(30,1,490,0,1,' Departamento : 25 // Municipio : 25200 // Dirección : CL 3 CON KR 3 (COGUA (Cundinamarca) // Latitud : 5.0595922 // Longitud : -73.9791807 // Entidad : h hcer hhf // Rango de Tiempo : 1 // Título : voy hoy // Motivo : 1 // Costo : 8855555555555 // Contratista : yfeg7vc //','2017-08-01 11:49:28','Móvil','voy hoy'),(31,1,503,0,1,' Departamento : 25 // Municipio : 25200 // Dirección : Direccion // Latitud : 5.0596016 // Longitud : -73.9791577 // Entidad : posible entidad // Rango de Tiempo : 1 // Título : Estado Final // Motivo : 1 // Costo : 123456789 // Contratista : admin //','2017-08-01 14:24:32','Móvil','Estado Final'),(32,1,507,0,1,' Departamento : 25 // Municipio : 25200 // Dirección : Direccion // Latitud : 5.0596016 // Longitud : -73.9791577 // Entidad : posible entidad // Rango de Tiempo : 1 // Título : Estado Final // Motivo : 1 // Costo : 123456789 // Contratista : admin //','2017-08-01 14:28:35','Móvil','Estado Final'),(33,1,508,0,1,' Departamento : 25 // Municipio : 25200 // Dirección : Direccion // Latitud : 5.0596016 // Longitud : -73.9791577 // Entidad : posible entidad // Rango de Tiempo : 1 // Título : Estado Final // Motivo : 1 // Costo : 123456789 // Contratista : admin //','2017-08-01 14:29:57','Móvil','Estado Final'),(34,1,509,0,1,' Departamento : 25 // Municipio : 25200 // Dirección : Direccion // Latitud : 5.0596016 // Longitud : -73.9791577 // Entidad : posible entidad // Rango de Tiempo : 1 // Título : Si se puede // Motivo : 1 // Costo : 123456789 // Contratista : admin //','2017-08-01 14:30:11','Móvil','Si se puede'),(35,1,518,0,1,' Departamento : 25 // Municipio : 25200 // Dirección : Direccion // Latitud : 5.0596016 // Longitud : -73.9791577 // Entidad : posible entidad // Rango de Tiempo : 1 // Título : Estado Final // Motivo : 1 // Costo : 123456789 // Contratista : admin //','2017-08-01 15:03:23','Móvil','Estado Final'),(36,1,519,0,1,' Departamento : 25 // Municipio : 25200 // Dirección : Direccion // Latitud : 5.0596016 // Longitud : -73.9791577 // Entidad : posible entidad // Rango de Tiempo : 1 // Título : Estado Final // Motivo : 1 // Costo : 123456789 // Contratista : admin //','2017-08-01 15:08:35','Móvil','Estado Final'),(37,1,520,0,1,' Departamento : 25 // Municipio : 25200 // Dirección : Direccion // Latitud : 5.0596016 // Longitud : -73.9791577 // Entidad : posible entidad // Rango de Tiempo : 1 // Título : Estado Final // Motivo : 1 // Costo : 123456789 // Contratista : admin //','2017-08-01 15:14:52','Móvil','Estado Final'),(38,1,521,0,1,' Departamento : 25 // Municipio : 25200 // Dirección : Direccion // Latitud : 5.0596016 // Longitud : -73.9791577 // Entidad : posible entidad // Rango de Tiempo : 1 // Título : Estado Final // Motivo : 1 // Costo : 123456789 // Contratista : admin //','2017-08-01 15:15:14','Móvil','Estado Final'),(39,1,522,0,1,' Departamento : 25 // Municipio : 25200 // Dirección : Direccion // Latitud : 5.0596016 // Longitud : -73.9791577 // Entidad : posible entidad // Rango de Tiempo : 1 // Título : Estado Final // Motivo : 1 // Costo : 123456789 // Contratista : admin //','2017-08-01 15:16:28','Móvil','Estado Final'),(40,1,523,0,1,' Departamento : 25 // Municipio : 25200 // Dirección : Direccion // Latitud : 5.0596016 // Longitud : -73.9791577 // Entidad : posible entidad // Rango de Tiempo : 1 // Título : Estado Final // Motivo : 1 // Costo : 123456789 // Contratista : admin //','2017-08-01 15:18:08','Móvil','Estado Final'),(41,1,524,0,1,' Departamento : 25 // Municipio : 25200 // Dirección : Direccion // Latitud : 5.0596016 // Longitud : -73.9791577 // Entidad : posible entidad // Rango de Tiempo : 1 // Título : Estado Final // Motivo : 1 // Costo : 123456789 // Contratista : admin //','2017-08-01 15:18:12','Móvil','Estado Final'),(42,1,526,0,1,' Departamento : 25 // Municipio : 25200 // Dirección : Direccion // Latitud : 5.0596016 // Longitud : -73.9791577 // Entidad : posible entidad // Rango de Tiempo : 1 // Título : Estado Final // Motivo : 1 // Costo : 123456789 // Contratista : admin //','2017-08-01 15:21:14','Móvil','Estado Final'),(43,1,527,0,1,' Departamento : 25 // Municipio : 25200 // Dirección : Direccion // Latitud : 5.0596016 // Longitud : -73.9791577 // Entidad : posible entidad // Rango de Tiempo : 1 // Título : Estado Final // Motivo : 1 // Costo : 123456789 // Contratista : admin //','2017-08-01 15:23:13','Móvil','Estado Final'),(44,1,528,0,1,' Departamento : 25 // Municipio : 25200 // Dirección : CL 3 CON KR 3 (COGUA (Cundinamarca) // Latitud : 5.0596016 // Longitud : -73.9791577 // Entidad : kdkdk // Rango de Tiempo : 1 // Título : kdkd // Motivo : 1 // Costo : 4664 // Contratista : kdkdjd //','2017-08-01 15:24:35','Móvil','kdkd'),(45,1,530,0,1,' Departamento : 25 // Municipio : 25200 // Dirección : Direccion // Latitud : 5.0596016 // Longitud : -73.9791577 // Entidad : posible entidad // Rango de Tiempo : 1 // Título : Estado Final // Motivo : 1 // Costo : 123456789 // Contratista : admin //','2017-08-01 15:34:29','Móvil','Estado Final'),(46,1,531,0,1,' Departamento : 25 // Municipio : 25200 // Dirección : Direccion // Latitud : 5.0596016 // Longitud : -73.9791577 // Entidad : posible entidad // Rango de Tiempo : 1 // Título : Estado Final // Motivo : 1 // Costo : 123456789 // Contratista : admin //','2017-08-01 15:34:37','Móvil','Estado Final'),(47,1,533,0,1,' Departamento : 25 // Municipio : 25200 // Dirección : Direccion // Latitud : 5.0596016 // Longitud : -73.9791577 // Entidad : posible entidad // Rango de Tiempo : 1 // Título : Estado Final // Motivo : 1 // Costo : 123456789 // Contratista : admin //','2017-08-01 15:44:32','Móvil','Estado Final'),(48,1,534,0,1,' Departamento : 25 // Municipio : 25200 // Dirección : Direccion // Latitud : 5.0596016 // Longitud : -73.9791577 // Entidad : posible entidad // Rango de Tiempo : 1 // Título : Estado Final // Motivo : 1 // Costo : 123456789 // Contratista : admin //','2017-08-01 15:44:37','Móvil','Estado Final'),(49,1,536,0,1,' Departamento : 25 // Municipio : 25200 // Dirección : Direccion // Latitud : 5.0596016 // Longitud : -73.9791577 // Entidad : posible entidad // Rango de Tiempo : 1 // Título : Estado Final // Motivo : 1 // Costo : 123456789 // Contratista : admin //','2017-08-01 15:47:35','Móvil','Estado Final'),(50,1,537,0,1,' Departamento : 25 // Municipio : 25200 // Dirección : Direccion // Latitud : 5.0596016 // Longitud : -73.9791577 // Entidad : posible entidad // Rango de Tiempo : 1 // Título : Estado Final // Motivo : 1 // Costo : 123456789 // Contratista : admin //','2017-08-01 15:47:39','Móvil','Estado Final'),(51,1,539,0,1,' Departamento : 25 // Municipio : 25200 // Dirección : Direccion // Latitud : 5.0596016 // Longitud : -73.9791577 // Entidad : posible entidad // Rango de Tiempo : 1 // Título : Estado Final // Motivo : 1 // Costo : 123456789 // Contratista : admin //','2017-08-01 15:48:03','Móvil','Estado Final'),(52,1,540,0,1,' Departamento : 25 // Municipio : 25200 // Dirección : Direccion // Latitud : 5.0596016 // Longitud : -73.9791577 // Entidad : posible entidad // Rango de Tiempo : 1 // Título : Estado Final // Motivo : 1 // Costo : 123456789 // Contratista : admin //','2017-08-01 15:48:05','Móvil','Estado Final'),(53,1,541,0,1,' Departamento : 25 // Municipio : 25200 // Dirección : Direccion // Latitud : 5.0596016 // Longitud : -73.9791577 // Entidad : posible entidad // Rango de Tiempo : 1 // Título : Estado Final // Motivo : 1 // Costo : 123456789 // Contratista : admin //','2017-08-01 15:48:08','Móvil','Estado Final'),(54,1,542,0,1,' Departamento : 25 // Municipio : 25200 // Dirección : Direccion // Latitud : 5.0596016 // Longitud : -73.9791577 // Entidad : posible entidad // Rango de Tiempo : 1 // Título : Estado Final // Motivo : 1 // Costo : 123456789 // Contratista : admin //','2017-08-01 15:48:10','Móvil','Estado Final'),(55,1,543,0,1,' Departamento : 25 // Municipio : 25200 // Dirección : Direccion // Latitud : 5.0596016 // Longitud : -73.9791577 // Entidad : posible entidad // Rango de Tiempo : 1 // Título : Estado Final // Motivo : 1 // Costo : 123456789 // Contratista : admin //','2017-08-01 15:48:12','Móvil','Estado Final'),(56,1,544,0,1,' Departamento : 25 // Municipio : 25200 // Dirección : Direccion // Latitud : 5.0596016 // Longitud : -73.9791577 // Entidad : posible entidad // Rango de Tiempo : 1 // Título : Estado Final // Motivo : 1 // Costo : 123456789 // Contratista : admin //','2017-08-01 15:48:51','Móvil','Estado Final'),(57,1,545,0,1,' Departamento : 25 // Municipio : 25200 // Dirección : CL 3 CON KR 3 (COGUA (Cundinamarca) // Latitud : 5.0596772 // Longitud : -73.9791571 // Entidad : ikkjj // Rango de Tiempo : 1 // Título : ikk // Motivo : 1 // Costo : 64646 // Contratista : jdksldj //','2017-08-01 15:50:09','Móvil','ikk'),(58,1,547,0,1,' Departamento : 11 // Municipio : 11001 // Dirección : CL 84 CON KR 27 (BOGOTA) // Latitud : 4.6725605 // Longitud : -74.0638963 // Entidad : prueba // Rango de Tiempo : 1 // Título : prueba // Motivo : 1 // Costo : 1000000 // Contratista : 1000000 //','2017-08-01 16:00:07','Móvil','prueba'),(59,1,548,0,1,' Departamento : 11 // Municipio : 11001 // Dirección : CL 84 CON KR 27 (BOGOTA) // Latitud : 4.6725605 // Longitud : -74.0638963 // Entidad : prueba // Rango de Tiempo : 1 // Título : prueba // Motivo : 1 // Costo : 1000000 // Contratista : 1000000 //','2017-08-01 16:00:08','Móvil','prueba'),(60,1,550,0,1,' Departamento : 25 // Municipio : 25200 // Dirección : Direccion // Latitud : 5.0596016 // Longitud : -73.9791577 // Entidad : posible entidad // Rango de Tiempo : 1 // Título : Estado Final // Motivo : 1 // Costo : 123456789 // Contratista : admin //','2017-08-01 17:07:18','Móvil','Estado Final'),(61,1,551,0,1,' Departamento : 25 // Municipio : 25200 // Dirección : Direccion // Latitud : 5.0596016 // Longitud : -73.9791577 // Entidad : posible entidad // Rango de Tiempo : 1 // Título : Estado Final // Motivo : 1 // Costo : 123456789 // Contratista : admin //','2017-08-01 17:07:21','Móvil','Estado Final'),(62,1,552,0,1,' Departamento : 25 // Municipio : 25200 // Dirección : Direccion // Latitud : 5.0596016 // Longitud : -73.9791577 // Entidad : posible entidad // Rango de Tiempo : 1 // Título : Estado Final // Motivo : 1 // Costo : 123456789 // Contratista : admin //','2017-08-01 17:07:23','Móvil','Estado Final'),(63,1,553,0,1,' Departamento : 25 // Municipio : 25200 // Dirección : Direccion // Latitud : 5.0596016 // Longitud : -73.9791577 // Entidad : posible entidad // Rango de Tiempo : 1 // Título : Estado Final // Motivo : 1 // Costo : 123456789 // Contratista : admin //','2017-08-01 17:10:24','Móvil','Estado Final'),(64,1,554,0,1,' Departamento : 25 // Municipio : 25200 // Dirección : Direccion // Latitud : 5.0596016 // Longitud : -73.9791577 // Entidad : posible entidad // Rango de Tiempo : 1 // Título : Estado Final // Motivo : 1 // Costo : 123456789 // Contratista : admin //','2017-08-01 17:10:27','Móvil','Estado Final'),(65,1,555,0,1,' Departamento : 25 // Municipio : 25200 // Dirección : Direccion // Latitud : 5.0596016 // Longitud : -73.9791577 // Entidad : posible entidad // Rango de Tiempo : 1 // Título : Estado Final // Motivo : 1 // Costo : 123456789 // Contratista : admin //','2017-08-01 17:10:32','Móvil','Estado Final'),(66,1,556,0,1,' Departamento : 25 // Municipio : 25200 // Dirección : Direccion // Latitud : 5.0596016 // Longitud : -73.9791577 // Entidad : posible entidad // Rango de Tiempo : 1 // Título : Estado Final // Motivo : 1 // Costo : 123456789 // Contratista : admin //','2017-08-01 17:11:38','Móvil','Estado Final'),(67,1,557,0,1,' Departamento : 25 // Municipio : 25200 // Dirección : Direccion // Latitud : 5.0596016 // Longitud : -73.9791577 // Entidad : posible entidad // Rango de Tiempo : 1 // Título : Estado Final // Motivo : 1 // Costo : 123456789 // Contratista : admin //','2017-08-01 17:11:41','Móvil','Estado Final'),(68,1,559,0,1,' Departamento : 25 // Municipio : 25200 // Dirección : Direccion // Latitud : 5.0596016 // Longitud : -73.9791577 // Entidad : posible entidad // Rango de Tiempo : 1 // Título : Estado Final // Motivo : 1 // Costo : 123456789 // Contratista : admin //','2017-08-01 17:16:01','Móvil','Estado Final'),(69,1,560,0,1,' Departamento : 25 // Municipio : 25200 // Dirección : Direccion // Latitud : 5.0596016 // Longitud : -73.9791577 // Entidad : posible entidad // Rango de Tiempo : 1 // Título : Estado Final // Motivo : 1 // Costo : 123456789 // Contratista : admin //','2017-08-01 17:16:04','Móvil','Estado Final'),(70,1,561,0,1,' Departamento : 25 // Municipio : 25200 // Dirección : Direccion // Latitud : 5.0596016 // Longitud : -73.9791577 // Entidad : posible entidad // Rango de Tiempo : 1 // Título : Estado Final // Motivo : 1 // Costo : 123456789 // Contratista : admin //','2017-08-01 17:16:06','Móvil','Estado Final'),(71,1,562,0,1,' Departamento : 25 // Municipio : 25200 // Dirección : Direccion // Latitud : 5.0596016 // Longitud : -73.9791577 // Entidad : posible entidad // Rango de Tiempo : 1 // Título : Estado Final // Motivo : 1 // Costo : 123456789 // Contratista : admin //','2017-08-01 17:16:09','Móvil','Estado Final'),(72,1,563,0,1,' Departamento : 25 // Municipio : 25200 // Dirección : Direccion // Latitud : 5.0596016 // Longitud : -73.9791577 // Entidad : posible entidad // Rango de Tiempo : 1 // Título : Estado Final // Motivo : 1 // Costo : 123456789 // Contratista : admin //','2017-08-01 17:16:11','Móvil','Estado Final'),(73,1,564,0,1,' Departamento : 25 // Municipio : 25200 // Dirección : Direccion // Latitud : 5.0596016 // Longitud : -73.9791577 // Entidad : posible entidad // Rango de Tiempo : 1 // Título : Estado Final // Motivo : 1 // Costo : 123456789 // Contratista : admin //','2017-08-01 17:16:13','Móvil','Estado Final'),(74,1,565,0,1,' Departamento : 25 // Municipio : 25200 // Dirección : Direccion // Latitud : 5.0596016 // Longitud : -73.9791577 // Entidad : posible entidad // Rango de Tiempo : 1 // Título : Estado Final // Motivo : 1 // Costo : 123456789 // Contratista : admin //','2017-08-01 17:17:36','Móvil','Estado Final'),(75,1,566,0,1,' Departamento : 25 // Municipio : 25200 // Dirección : Direccion // Latitud : 5.0596016 // Longitud : -73.9791577 // Entidad : posible entidad // Rango de Tiempo : 1 // Título : Estado Final // Motivo : 1 // Costo : 123456789 // Contratista : admin //','2017-08-01 17:17:39','Móvil','Estado Final'),(76,1,568,0,1,' Departamento : 25 // Municipio : 25200 // Dirección : Direccion // Latitud : 5.0596016 // Longitud : -73.9791577 // Entidad : posible entidad // Rango de Tiempo : 1 // Título : Estado Final // Motivo : 1 // Costo : 123456789 // Contratista : admin //','2017-08-01 17:23:03','Móvil','Estado Final'),(77,1,569,0,1,' Departamento : 25 // Municipio : 25200 // Dirección : Direccion // Latitud : 5.0596016 // Longitud : -73.9791577 // Entidad : posible entidad // Rango de Tiempo : 1 // Título : Estado Final // Motivo : 1 // Costo : 123456789 // Contratista : admin //','2017-08-01 17:25:13','Móvil','Estado Final'),(78,1,570,0,1,' Departamento : 25 // Municipio : 25200 // Dirección : CL 3 CON KR 3 (COGUA (Cundinamarca) // Latitud : 5.0596213 // Longitud : -73.9791577 // Entidad : jsjsjjs // Rango de Tiempo : 1 // Título : ppp // Motivo : 1 // Costo : 646464 // Contratista : jssjs //','2017-08-01 17:25:17','Móvil','ppp'),(79,1,571,0,1,' Departamento : 25 // Municipio : 25200 // Dirección : CL 3 CON KR 3 (COGUA (Cundinamarca) // Latitud : 5.0596213 // Longitud : -73.9791577 // Entidad : jsjsjjs // Rango de Tiempo : 1 // Título : ppp // Motivo : 1 // Costo : 646464 // Contratista : jssjs //','2017-08-01 17:25:22','Móvil','ppp'),(80,1,573,0,1,' Departamento : 25 // Municipio : 25200 // Dirección : Direccion // Latitud : 5.0596016 // Longitud : -73.9791577 // Entidad : posible entidad // Rango de Tiempo : 1 // Título : Estado Final // Motivo : 1 // Costo : 123456789 // Contratista : admin //','2017-08-01 17:43:08','Móvil','Estado Final'),(81,1,574,0,1,' Departamento : 25 // Municipio : 25200 // Dirección : Direccion // Latitud : 5.0596016 // Longitud : -73.9791577 // Entidad : posible entidad // Rango de Tiempo : 1 // Título : Estado Final // Motivo : 1 // Costo : 123456789 // Contratista : admin //','2017-08-01 17:43:56','Móvil','Estado Final'),(82,1,576,0,1,' Departamento : 25 // Municipio : 25200 // Dirección : Direccion // Latitud : 5.0596016 // Longitud : -73.9791577 // Entidad : posible entidad // Rango de Tiempo : 1 // Título : Estado Final // Motivo : 1 // Costo : 123456789 // Contratista : admin //','2017-08-01 18:10:42','Móvil','Estado Final'),(83,1,577,0,1,' Departamento : 25 // Municipio : 25200 // Dirección : Direccion // Latitud : 5.0596016 // Longitud : -73.9791577 // Entidad : posible entidad // Rango de Tiempo : 1 // Título : Estado Final // Motivo : 1 // Costo : 123456789 // Contratista : admin //','2017-08-01 18:10:50','Móvil','Estado Final'),(84,1,579,0,1,' Departamento : 25 // Municipio : 25200 // Dirección : Direccion // Latitud : 5.0596016 // Longitud : -73.9791577 // Entidad : posible entidad // Rango de Tiempo : 1 // Título : Estado Final // Motivo : 1 // Costo : 123456789 // Contratista : admin //','2017-08-02 09:55:53','Móvil','Estado Final'),(85,1,580,0,1,' Departamento : 25 // Municipio : 25200 // Dirección : Direccion // Latitud : 5.0596016 // Longitud : -73.9791577 // Entidad : posible entidad // Rango de Tiempo : 1 // Título : Estado Final // Motivo : 1 // Costo : 123456789 // Contratista : admin //','2017-08-02 09:55:56','Móvil','Estado Final'),(86,1,652,0,1,' Departamento : 25 // Municipio : 25200 // Dirección : Direccion // Latitud : 5.0596016 // Longitud : -73.9791577 // Entidad : posible entidad // Rango de Tiempo : 1 // Título : Estado Final // Motivo : 1 // Costo : 123456789 // Contratista : admin //','2017-08-02 10:40:01','Móvil','Estado Final'),(87,1,653,0,1,' Departamento : 25 // Municipio : 25200 // Dirección : Direccion // Latitud : 5.0596016 // Longitud : -73.9791577 // Entidad : posible entidad // Rango de Tiempo : 1 // Título : Estado Final // Motivo : 1 // Costo : 123456789 // Contratista : admin //','2017-08-02 10:40:05','Móvil','Estado Final'),(88,1,654,0,1,' Departamento : 25 // Municipio : 25200 // Dirección : Direccion // Latitud : 5.0596016 // Longitud : -73.9791577 // Entidad : posible entidad // Rango de Tiempo : 1 // Título : Estado Final // Motivo : 1 // Costo : 123456789 // Contratista : admin //','2017-08-02 10:40:08','Móvil','Estado Final'),(89,1,665,0,1,' Departamento : 25 // Municipio : 25200 // Dirección : Direccion // Latitud : 5.0596016 // Longitud : -73.9791577 // Entidad : posible entidad // Rango de Tiempo : 1 // Título : SUPER PRUEBA // Motivo : 1 // Costo : 123456789 // Contratista : admin //','2017-08-02 10:47:47','Móvil','SUPER PRUEBA'),(90,1,666,0,1,' Departamento : 25 // Municipio : 25200 // Dirección : Direccion // Latitud : 5.0596016 // Longitud : -73.9791577 // Entidad : posible entidad // Rango de Tiempo : 1 // Título : SUPER PRUEBA // Motivo : 1 // Costo : 123456789 // Contratista : admin //','2017-08-02 10:47:50','Móvil','SUPER PRUEBA'),(91,1,667,0,1,' Departamento : 25 // Municipio : 25200 // Dirección : Direccion // Latitud : 5.0596016 // Longitud : -73.9791577 // Entidad : posible entidad // Rango de Tiempo : 1 // Título : SUPER PRUEBA // Motivo : 1 // Costo : 123456789 // Contratista : admin //','2017-08-02 10:47:52','Móvil','SUPER PRUEBA'),(92,1,668,0,1,' Departamento : 25 // Municipio : 25200 // Dirección : Direccion // Latitud : 5.0596016 // Longitud : -73.9791577 // Entidad : posible entidad // Rango de Tiempo : 1 // Título : SUPER PRUEBA // Motivo : 1 // Costo : 123456789 // Contratista : admin //','2017-08-02 10:47:54','Móvil','SUPER PRUEBA'),(93,1,669,0,1,' Departamento : 25 // Municipio : 25200 // Dirección : Direccion // Latitud : 5.0596016 // Longitud : -73.9791577 // Entidad : posible entidad // Rango de Tiempo : 1 // Título : SUPER PRUEBA // Motivo : 1 // Costo : 123456789 // Contratista : admin //','2017-08-02 10:47:56','Móvil','SUPER PRUEBA'),(94,1,670,0,1,' Departamento : 25 // Municipio : 25200 // Dirección : CL 3 CON KR 3 (COGUA (Cundinamarca) // Latitud : 5.0596403 // Longitud : -73.9791347 // Entidad : dkd // Rango de Tiempo : null // Título : kddk // Motivo : 1 // Costo : 0 // Contratista : null //','2017-08-02 10:49:32','Móvil','kddk'),(95,1,671,0,1,' Departamento : 25 // Municipio : 25200 // Dirección : CL 3 CON KR 3 (COGUA (Cundinamarca) // Latitud : 5.0596403 // Longitud : -73.9791347 // Entidad : dkd // Rango de Tiempo : null // Título : kddk // Motivo : 1 // Costo : 0 // Contratista : null //','2017-08-02 10:49:34','Móvil','kddk'),(96,1,673,0,1,' Departamento : 25 // Municipio : 25200 // Dirección : Direccion // Latitud : 5.0596016 // Longitud : -73.9791577 // Entidad : posible entidad // Rango de Tiempo : 1 // Título : esooooossosos // Motivo : 1 // Costo : 123456789 // Contratista : admin //','2017-08-02 10:51:23','Móvil','esooooossosos'),(97,1,674,0,1,' Departamento : 25 // Municipio : 25200 // Dirección : Direccion // Latitud : 5.0596016 // Longitud : -73.9791577 // Entidad : posible entidad // Rango de Tiempo : 1 // Título : esooooossosos // Motivo : 1 // Costo : 123456789 // Contratista : admin //','2017-08-02 10:51:26','Móvil','esooooossosos'),(98,1,675,0,1,' Departamento : 25 // Municipio : 25200 // Dirección : Direccion // Latitud : 5.0596016 // Longitud : -73.9791577 // Entidad : posible entidad // Rango de Tiempo : 1 // Título : esooooossosos // Motivo : 1 // Costo : 123456789 // Contratista : admin //','2017-08-02 10:51:28','Móvil','esooooossosos'),(99,1,676,0,1,' Departamento : 25 // Municipio : 25200 // Dirección : Direccion // Latitud : 5.0596016 // Longitud : -73.9791577 // Entidad : posible entidad // Rango de Tiempo : 1 // Título : esooooossosos // Motivo : 1 // Costo : 123456789 // Contratista : admin //','2017-08-02 10:51:31','Móvil','esooooossosos'),(100,1,677,0,1,' Departamento : 25 // Municipio : 25200 // Dirección : Direccion // Latitud : 5.0596016 // Longitud : -73.9791577 // Entidad : posible entidad // Rango de Tiempo : 1 // Título : esooooossosos // Motivo : 1 // Costo : 123456789 // Contratista : admin //','2017-08-02 10:51:33','Móvil','esooooossosos'),(101,1,678,0,1,' Departamento : 25 // Municipio : 25200 // Dirección : Direccion // Latitud : 5.0596016 // Longitud : -73.9791577 // Entidad : posible entidad // Rango de Tiempo : 1 // Título : esooooossosos // Motivo : 1 // Costo : 123456789 // Contratista : admin //','2017-08-02 10:51:35','Móvil','esooooossosos'),(102,1,679,0,1,' Departamento : 25 // Municipio : 25200 // Dirección : Direccion // Latitud : 5.0596016 // Longitud : -73.9791577 // Entidad : posible entidad // Rango de Tiempo : 1 // Título : esooooossosos // Motivo : 1 // Costo : 123456789 // Contratista : admin //','2017-08-02 10:51:38','Móvil','esooooossosos'),(103,1,681,0,1,' Departamento : 25 // Municipio : 25200 // Dirección : Direccion // Latitud : 5.0596016 // Longitud : -73.9791577 // Entidad : posible entidad // Rango de Tiempo : 1 // Título : esooooossosos // Motivo : 1 // Costo : 123456789 // Contratista : admin //','2017-08-02 14:14:27','Móvil','esooooossosos'),(104,1,682,0,1,' Departamento : 25 // Municipio : 25200 // Dirección : Direccion // Latitud : 5.0596016 // Longitud : -73.9791577 // Entidad : posible entidad // Rango de Tiempo : 1 // Título : esooooossosos // Motivo : 1 // Costo : 123456789 // Contratista : admin //','2017-08-02 14:14:30','Móvil','esooooossosos'),(105,1,683,0,1,' Departamento : 25 // Municipio : 25200 // Dirección : Direccion // Latitud : 5.0596016 // Longitud : -73.9791577 // Entidad : posible entidad // Rango de Tiempo : 1 // Título : esooooossosos // Motivo : 1 // Costo : 123456789 // Contratista : admin //','2017-08-02 14:14:32','Móvil','esooooossosos'),(106,1,684,0,1,' Departamento : 25 // Municipio : 25200 // Dirección : Direccion // Latitud : 5.0596016 // Longitud : -73.9791577 // Entidad : posible entidad // Rango de Tiempo : 1 // Título : esooooossosos // Motivo : 1 // Costo : 123456789 // Contratista : admin //','2017-08-02 14:14:35','Móvil','esooooossosos'),(107,1,685,0,1,' Departamento : 25 // Municipio : 25200 // Dirección : CL 3 CON KR 3 (COGUA (Cundinamarca) // Latitud : 5.0596016 // Longitud : -73.9791577 // Entidad : kkjj // Rango de Tiempo : 1 // Título : jdj // Motivo : 1 // Costo : 87 // Contratista : kzkz //','2017-08-02 14:19:25','Móvil','jdj'),(108,1,686,0,1,' Departamento : 25 // Municipio : 25200 // Dirección : CL 3 CON KR 3 (COGUA (Cundinamarca) // Latitud : 5.0596016 // Longitud : -73.9791577 // Entidad : kkjj // Rango de Tiempo : 1 // Título : jdj // Motivo : 1 // Costo : 87 // Contratista : kzkz //','2017-08-02 14:19:27','Móvil','jdj'),(109,1,687,0,1,' Departamento : 25 // Municipio : 25200 // Dirección : CL 3 CON KR 3 (COGUA (Cundinamarca) // Latitud : 5.0596016 // Longitud : -73.9791577 // Entidad : kkjj // Rango de Tiempo : 1 // Título : jdj // Motivo : 1 // Costo : 87 // Contratista : kzkz //','2017-08-02 14:19:28','Móvil','jdj'),(110,1,689,0,1,' Departamento : 25 // Municipio : 25200 // Dirección : Direccion // Latitud : 5.0596016 // Longitud : -73.9791577 // Entidad : posible entidad // Rango de Tiempo : 1 // Título : esooooossosos // Motivo : 1 // Costo : 123456789 // Contratista : admin //','2017-08-02 14:26:19','Móvil','esooooossosos'),(111,1,690,0,1,' Departamento : 25 // Municipio : 25200 // Dirección : Direccion // Latitud : 5.0596016 // Longitud : -73.9791577 // Entidad : posible entidad // Rango de Tiempo : 1 // Título : esooooossosos // Motivo : 1 // Costo : 123456789 // Contratista : admin //','2017-08-02 14:31:39','Móvil','esooooossosos'),(112,1,691,0,1,' Departamento : 25 // Municipio : 25200 // Dirección : Direccion // Latitud : 5.0596016 // Longitud : -73.9791577 // Entidad : posible entidad // Rango de Tiempo : 1 // Título : esooooossosos // Motivo : 1 // Costo : 123456789 // Contratista : admin //','2017-08-02 14:31:59','Móvil','esooooossosos'),(113,1,692,0,1,' Departamento : 25 // Municipio : 25200 // Dirección : CL 3 CON KR 3 (COGUA (Cundinamarca) // Latitud : 5.0596892 // Longitud : -73.9791397 // Entidad : jsjwjw // Rango de Tiempo : 1 // Título : bwbw // Motivo : 1 // Costo : 313131316 // Contratista : vsvshs //','2017-08-02 15:27:24','Móvil','bwbw'),(114,1,693,0,1,' Departamento : 25 // Municipio : 25200 // Dirección : CL 3 CON KR 3 (COGUA (Cundinamarca) // Latitud : 5.0596892 // Longitud : -73.9791397 // Entidad : jsjwjw // Rango de Tiempo : 1 // Título : bwbw // Motivo : 1 // Costo : 313131316 // Contratista : vsvshs //','2017-08-02 15:27:27','Móvil','bwbw'),(115,1,694,0,1,' Departamento : 25 // Municipio : 25200 // Dirección : CL 3 CON KR 3 (COGUA (Cundinamarca) // Latitud : 5.0596892 // Longitud : -73.9791397 // Entidad : jsjwjw // Rango de Tiempo : 1 // Título : bwbw // Motivo : 1 // Costo : 313131316 // Contratista : vsvshs //','2017-08-02 15:27:31','Móvil','bwbw'),(116,1,695,0,1,' Departamento : 25 // Municipio : 25200 // Dirección : Direccion // Latitud : 5.0596016 // Longitud : -73.9791577 // Entidad : posible entidad // Rango de Tiempo : 1 // Título : esooooossowwwsos // Motivo : 1 // Costo : 123456789 // Contratista : admin //','2017-08-02 15:29:35','Móvil','esooooossowwwsos'),(117,1,697,0,1,' Departamento : 25 // Municipio : 25200 // Dirección : Direccion // Latitud : 5.0596016 // Longitud : -73.9791577 // Entidad : posible entidad // Rango de Tiempo : 1 // Título : esooooossosos // Motivo : 1 // Costo : 123456789 // Contratista : admin //','2017-08-02 15:41:12','Móvil','esooooossosos'),(118,1,698,0,1,' Departamento : 25 // Municipio : 25200 // Dirección : CL 3 CON KR 4 (COGUA (Cundinamarca) // Latitud : 5.0598163 // Longitud : -73.9791118 // Entidad : jsjsjs // Rango de Tiempo : 1 // Título : jdjsjs // Motivo : 1 // Costo : 646464 // Contratista : bsjshs //','2017-08-02 15:42:22','Móvil','jdjsjs'),(119,1,699,0,1,' Departamento : 25 // Municipio : 25200 // Dirección : CL 3 CON KR 4 (COGUA (Cundinamarca) // Latitud : 5.0598163 // Longitud : -73.9791118 // Entidad : jsjsjs // Rango de Tiempo : 1 // Título : jdjsjs // Motivo : 1 // Costo : 646464 // Contratista : bsjshs //','2017-08-02 15:42:24','Móvil','jdjsjs'),(120,1,700,0,1,' Departamento : 25 // Municipio : 25200 // Dirección : CL 3 CON KR 4 (COGUA (Cundinamarca) // Latitud : 5.0598163 // Longitud : -73.9791118 // Entidad : jsjsjs // Rango de Tiempo : 1 // Título : jdjsjs // Motivo : 1 // Costo : 646464 // Contratista : bsjshs //','2017-08-02 15:42:25','Móvil','jdjsjs'),(121,1,701,0,1,' Departamento : 25 // Municipio : 25200 // Dirección : CL 3 CON KR 4 (COGUA (Cundinamarca) // Latitud : 5.0599156 // Longitud : -73.9791577 // Entidad : ggg // Rango de Tiempo : null // Título : hhg // Motivo : 1 // Costo : 0 // Contratista : null //','2017-08-02 15:55:42','Móvil','hhg'),(122,1,702,0,1,' Departamento : 25 // Municipio : 25200 // Dirección : Direccion // Latitud : 5.0596016 // Longitud : -73.9791577 // Entidad : posible entidad // Rango de Tiempo : 1 // Título : esooooossosos // Motivo : 1 // Costo : 123456789 // Contratista : admin //','2017-08-02 16:04:00','Móvil','esooooossosos'),(123,1,703,0,1,' Departamento : 25 // Municipio : 25200 // Dirección : CL 2 CON KR 3 (COGUA (Cundinamarca) // Latitud : 5.0589108 // Longitud : -73.9797524 // Entidad : ghgh // Rango de Tiempo : 1 // Título : ggfh // Motivo : 1 // Costo : 55888 // Contratista : jhdff //','2017-08-02 16:18:12','Móvil','ggfh'),(124,1,704,0,1,' Departamento : 25 // Municipio : 25200 // Dirección : CL 2 CON KR 3 (COGUA (Cundinamarca) // Latitud : 5.0589108 // Longitud : -73.9797524 // Entidad : ghgh // Rango de Tiempo : 1 // Título : ggfh // Motivo : 1 // Costo : 55888 // Contratista : jhdff //','2017-08-02 16:18:30','Móvil','ggfh'),(125,1,705,0,1,' Departamento : 25 // Municipio : 25200 // Dirección : CL 3 CON KR 3 (COGUA (Cundinamarca) // Latitud : 5.059698 // Longitud : -73.9791598 // Entidad : gvgg // Rango de Tiempo : 1 // Título : hhhh // Motivo : 1 // Costo : 8888 // Contratista : vdgnj //','2017-08-02 16:24:56','Móvil','hhhh'),(126,1,706,0,1,' Departamento : 25 // Municipio : 25200 // Dirección : Direccion // Latitud : 5.0596016 // Longitud : -73.9791577 // Entidad : posible entidad // Rango de Tiempo : 1 // Título : esooooossowwwsos // Motivo : 1 // Costo : 123456789 // Contratista : admin //','2017-08-02 16:32:58','Móvil','esooooossowwwsos'),(127,1,707,0,1,' Departamento : 11 // Municipio : 11001 // Dirección : CL 84 CON KR 27 (BOGOTA) // Latitud : 4.67256 // Longitud : -74.0638733 // Entidad : nnn // Rango de Tiempo : 1 // Título : aaa // Motivo : 1 // Costo : 111111 // Contratista : aaa //','2017-08-02 17:34:45','Móvil','aaa'),(128,1,708,0,1,' Departamento : 11 // Municipio : 11001 // Dirección : CL 84 CON KR 27 (BOGOTA) // Latitud : 4.67256 // Longitud : -74.0638733 // Entidad : nnn // Rango de Tiempo : 1 // Título : aaa // Motivo : 1 // Costo : 111111 // Contratista : aaa //','2017-08-02 17:34:46','Móvil','aaa'),(129,1,709,0,1,' Departamento : 11 // Municipio : 11001 // Dirección : CL 84 CON KR 27 (BOGOTA) // Latitud : 4.6725779 // Longitud : -74.0638045 // Entidad : ddddd // Rango de Tiempo : 1 // Título : aaa // Motivo : 1 // Costo : 111111 // Contratista : ggggg //','2017-08-02 17:41:38','Móvil','aaa'),(130,1,710,0,1,' Departamento : 25 // Municipio : 25200 // Dirección : CL 3 CON KR 3 (COGUA (Cundinamarca) // Latitud : 5.0596016 // Longitud : -73.9791577 // Entidad : jdjdjd // Rango de Tiempo : 3 // Título : isjsj // Motivo : 2 // Costo : 6464 // Contratista : jsjs //','2017-08-03 09:57:10','Móvil','isjsj'),(131,1,711,0,1,' Departamento : 25 // Municipio : 25200 // Dirección : CL 3 CON KR 3 (COGUA (Cundinamarca) // Latitud : 5.0596016 // Longitud : -73.9791577 // Entidad : jdjdjd // Rango de Tiempo : 3 // Título : isjsj // Motivo : 2 // Costo : 6464 // Contratista : jsjs //','2017-08-03 09:57:11','Móvil','isjsj'),(132,1,712,0,1,' Departamento : 25 // Municipio : 25200 // Dirección : Direccion // Latitud : 5.0596016 // Longitud : -73.9791577 // Entidad : posible entidad // Rango de Tiempo : 1 // Título : SUPER PRUEBA // Motivo : 1 // Costo : 123456789 // Contratista : admin //','2017-08-03 14:52:52','Móvil','SUPER PRUEBA'),(133,1,713,0,1,' Departamento : 25 // Municipio : 25200 // Dirección : Direccion // Latitud : 5.0596016 // Longitud : -73.9791577 // Entidad : posible entidad // Rango de Tiempo : 1 // Título : SUPER PRUEBA // Motivo : 1 // Costo : 123456789 // Contratista : admin //','2017-08-03 14:57:30','Móvil','SUPER PRUEBA'),(134,1,714,0,1,' Departamento : 25 // Municipio : 25200 // Dirección : CL 3 CON KR 3 (COGUA (Cundinamarca) // Latitud : 5.0596016 // Longitud : -73.9791577 // Entidad : jumm // Rango de Tiempo : 3 // Título : pprueba // Motivo : 2 // Costo : 313131 // Contratista : hahhsjsj //','2017-08-03 15:18:20','Móvil','pprueba'),(135,1,715,0,1,' Departamento : 25 // Municipio : 25200 // Dirección : CL 3 CON KR 3 (COGUA (Cundinamarca) // Latitud : 5.0596016 // Longitud : -73.9791577 // Entidad : jumm // Rango de Tiempo : 3 // Título : pprueba // Motivo : 2 // Costo : 313131 // Contratista : hahhsjsj //','2017-08-03 15:18:21','Móvil','pprueba'),(136,1,716,0,1,' Departamento : 25 // Municipio : 25200 // Dirección : KM 5 LA PLAZUELA - TAUSA // Latitud : 5.1163569 // Longitud : -73.9696145 // Entidad : jumm // Rango de Tiempo : 2 // Título : pqqqqq // Motivo : 1 // Costo : 649797 // Contratista : hsjzj //','2017-08-03 15:20:33','Móvil','pqqqqq'),(137,1,717,0,1,' Departamento : 11 // Municipio : 11001 // Dirección : null // Latitud : 5.073466147590554 // Longitud : -74.01463776826859 // Entidad : jumm // Rango de Tiempo : 1 // Título : pqpqpjekdkd // Motivo : 2 // Costo : 6464 // Contratista : jdjdjd //','2017-08-03 15:28:37','Móvil','pqpqpjekdkd'),(138,1,718,0,1,' Departamento : 11 // Municipio : 11001 // Dirección : null // Latitud : 5.073466147590554 // Longitud : -74.01463776826859 // Entidad : sbsbjs // Rango de Tiempo : 1 // Título : jsjsjs // Motivo : 3 // Costo : 6464 // Contratista : zbzhs //','2017-08-03 15:33:37','Móvil','jsjsjs'),(139,1,719,0,1,' Departamento : 25 // Municipio : 25200 // Dirección : Direccion // Latitud : 5.0596016 // Longitud : -73.9791577 // Entidad : posible entidad // Rango de Tiempo : 1 // Título : SUPER PRUEBA // Motivo : 1 // Costo : 123456789 // Contratista : admin //','2017-08-03 15:44:15','Móvil','SUPER PRUEBA'),(140,1,720,0,1,' Departamento : 25 // Municipio : 25200 // Dirección : Direccion // Latitud : 5.0596016 // Longitud : -73.9791577 // Entidad : posible entidad // Rango de Tiempo : 1 // Título : SUPER PRUEBA // Motivo : 1 // Costo : 123456789 // Contratista : admin //','2017-08-03 15:57:39','Móvil','SUPER PRUEBA'),(141,1,721,0,1,' Departamento : 25 // Municipio : 25200 // Dirección : Direccion // Latitud : 5.0596016 // Longitud : -73.9791577 // Entidad : posible entidad // Rango de Tiempo : 1 // Título : SUPER PRUEBA // Motivo : 1 // Costo : 123456789 // Contratista : admin //','2017-08-03 16:17:26','Móvil','SUPER PRUEBA'),(142,1,722,0,1,' Departamento : 25 // Municipio : 25200 // Dirección : Direccion // Latitud : 5.0596016 // Longitud : -73.9791577 // Entidad : posible entidad // Rango de Tiempo : 1 // Título : SUPER PRUEBA // Motivo : 1 // Costo : 123456789 // Contratista : admin //','2017-08-03 16:17:33','Móvil','SUPER PRUEBA'),(143,1,723,0,1,' Departamento : 25 // Municipio : 25200 // Dirección : Direccion // Latitud : 5.0596016 // Longitud : -73.9791577 // Entidad : posible entidad // Rango de Tiempo : 1 // Título : SUPER PRUEBA // Motivo : 1 // Costo : 123456789 // Contratista : admin //','2017-08-03 16:17:36','Móvil','SUPER PRUEBA'),(144,1,724,0,1,' Departamento : 25 // Municipio : 25200 // Dirección : Direccion // Latitud : 5.0596016 // Longitud : -73.9791577 // Entidad : posible entidad // Rango de Tiempo : 1 // Título : SUPER PRUEBA // Motivo : 1 // Costo : 123456789 // Contratista : admin //','2017-08-03 16:22:14','Móvil','SUPER PRUEBA'),(145,1,725,0,1,' Departamento : 25 // Municipio : 25200 // Dirección : Direccion // Latitud : 5.0596016 // Longitud : -73.9791577 // Entidad : posible entidad // Rango de Tiempo : 1 // Título : SUPER PRUEBA // Motivo : 1 // Costo : 123456789 // Contratista : admin //','2017-08-03 16:24:00','Móvil','SUPER PRUEBA'),(146,1,726,0,1,' Departamento : 25 // Municipio : 25200 // Dirección : Direccion // Latitud : 5.0596016 // Longitud : -73.9791577 // Entidad : posible entidad // Rango de Tiempo : 1 // Título : SUPER PRUEBA // Motivo : 1 // Costo : 123456789 // Contratista : admin //','2017-08-03 16:24:01','Móvil','SUPER PRUEBA'),(147,1,727,0,1,' Departamento : 25 // Municipio : 25200 // Dirección : Direccion // Latitud : 5.0596016 // Longitud : -73.9791577 // Entidad : posible entidad // Rango de Tiempo : 1 // Título : SUPER PRUEBA // Motivo : 1 // Costo : 123456789 // Contratista : admin //','2017-08-03 16:24:46','Móvil','SUPER PRUEBA'),(148,1,728,0,1,' Departamento : 25 // Municipio : 25200 // Dirección : Direccion // Latitud : 5.0596016 // Longitud : -73.9791577 // Entidad : posible entidad // Rango de Tiempo : 1 // Título : SUPER PRUEBA // Motivo : 1 // Costo : 123456789 // Contratista : admin //','2017-08-03 16:24:47','Móvil','SUPER PRUEBA'),(149,1,729,0,1,' Departamento : 25 // Municipio : 25200 // Dirección : Direccion // Latitud : 5.0596016 // Longitud : -73.9791577 // Entidad : posible entidad // Rango de Tiempo : 1 // Título : SUPER PRUEBA // Motivo : 1 // Costo : 123456789 // Contratista : admin //','2017-08-03 16:26:25','Móvil','SUPER PRUEBA'),(150,1,730,0,1,' Departamento : 25 // Municipio : 25200 // Dirección : Direccion // Latitud : 5.0596016 // Longitud : -73.9791577 // Entidad : posible entidad // Rango de Tiempo : 1 // Título : SUPER PRUEBA // Motivo : 1 // Costo : 123456789 // Contratista : admin //','2017-08-03 16:26:26','Móvil','SUPER PRUEBA'),(151,1,731,0,1,' Departamento : 25 // Municipio : 25200 // Dirección : Direccion // Latitud : 5.0596016 // Longitud : -73.9791577 // Entidad : posible entidad // Rango de Tiempo : 1 // Título : SUPER PRUEBA // Motivo : 1 // Costo : 123456789 // Contratista : admin //','2017-08-03 16:29:33','Móvil','SUPER PRUEBA'),(152,1,732,0,1,' Departamento : 25 // Municipio : 25200 // Dirección : Direccion // Latitud : 5.0596016 // Longitud : -73.9791577 // Entidad : posible entidad // Rango de Tiempo : 1 // Título : SUPER PRUEBA // Motivo : 1 // Costo : 123456789 // Contratista : admin //','2017-08-03 16:29:35','Móvil','SUPER PRUEBA'),(153,1,733,0,1,' Departamento : 25 // Municipio : 25200 // Dirección : Direccion // Latitud : 5.0596016 // Longitud : -73.9791577 // Entidad : posible entidad // Rango de Tiempo : 1 // Título : SUPER PRUEBA // Motivo : 1 // Costo : 123456789 // Contratista : admin //','2017-08-03 16:36:17','Móvil','SUPER PRUEBA'),(154,1,734,0,1,' Departamento : 25 // Municipio : 25200 // Dirección : Direccion // Latitud : 5.0596016 // Longitud : -73.9791577 // Entidad : posible entidad // Rango de Tiempo : 1 // Título : SUPER PRUEBA // Motivo : 1 // Costo : 123456789 // Contratista : admin //','2017-08-03 16:36:19','Móvil','SUPER PRUEBA'),(155,1,735,0,1,' Departamento : 25 // Municipio : 25200 // Dirección : Direccion // Latitud : 5.0596016 // Longitud : -73.9791577 // Entidad : posible entidad // Rango de Tiempo : 1 // Título : SUPER PRUEBA // Motivo : 1 // Costo : 123456789 // Contratista : admin //','2017-08-03 16:37:23','Móvil','SUPER PRUEBA'),(156,1,736,0,1,' Departamento : 25 // Municipio : 25200 // Dirección : Direccion // Latitud : 5.0596016 // Longitud : -73.9791577 // Entidad : posible entidad // Rango de Tiempo : 1 // Título : SUPER PRUEBA // Motivo : 1 // Costo : 123456789 // Contratista : admin //','2017-08-03 16:37:25','Móvil','SUPER PRUEBA'),(157,1,737,0,1,' Departamento : 25 // Municipio : 25200 // Dirección : Direccion // Latitud : 5.0596016 // Longitud : -73.9791577 // Entidad : posible entidad // Rango de Tiempo : 1 // Título : SUPER PRUEBA // Motivo : 1 // Costo : 123456789 // Contratista : admin //','2017-08-03 16:39:40','Móvil','SUPER PRUEBA'),(158,1,738,0,1,' Departamento : 25 // Municipio : 25200 // Dirección : Direccion // Latitud : 5.0596016 // Longitud : -73.9791577 // Entidad : posible entidad // Rango de Tiempo : 1 // Título : SUPER PRUEBA // Motivo : 1 // Costo : 123456789 // Contratista : admin //','2017-08-03 16:40:20','Móvil','SUPER PRUEBA'),(159,1,739,0,1,' Departamento : 25 // Municipio : 25200 // Dirección : Direccion // Latitud : 5.0596016 // Longitud : -73.9791577 // Entidad : posible entidad // Rango de Tiempo : 1 // Título : SUPER PRUEBA // Motivo : 1 // Costo : 123456789 // Contratista : admin //','2017-08-03 16:41:50','Móvil','SUPER PRUEBA'),(160,1,740,0,1,' Departamento : 25 // Municipio : 25200 // Dirección : Direccion // Latitud : 5.0596016 // Longitud : -73.9791577 // Entidad : posible entidad // Rango de Tiempo : 1 // Título : SUPER PRUEBA // Motivo : 1 // Costo : 123456789 // Contratista : admin //','2017-08-03 16:44:39','Móvil','SUPER PRUEBA'),(161,1,741,0,1,' Departamento : 25 // Municipio : 25200 // Dirección : Direccion // Latitud : 5.0596016 // Longitud : -73.9791577 // Entidad : posible entidad // Rango de Tiempo : 1 // Título : SUPER PRUEBA // Motivo : 1 // Costo : 123456789 // Contratista : admin //','2017-08-03 16:46:20','Móvil','SUPER PRUEBA'),(162,1,742,0,1,' Departamento : 25 // Municipio : 25200 // Dirección : Direccion // Latitud : 5.0596016 // Longitud : -73.9791577 // Entidad : posible entidad // Rango de Tiempo : 1 // Título : SUPER PRUEBA // Motivo : 1 // Costo : 123456789 // Contratista : admin //','2017-08-03 16:48:37','Móvil','SUPER PRUEBA'),(163,1,743,0,1,' Departamento : 25 // Municipio : 25200 // Dirección : Direccion // Latitud : 5.0596016 // Longitud : -73.9791577 // Entidad : posible entidad // Rango de Tiempo : 1 // Título : SUPER PRUEBA // Motivo : 1 // Costo : 123456789 // Contratista : admin //','2017-08-03 16:48:57','Móvil','SUPER PRUEBA'),(164,1,744,0,1,' Departamento : 25 // Municipio : 25200 // Dirección : Direccion // Latitud : 5.0596016 // Longitud : -73.9791577 // Entidad : posible entidad // Rango de Tiempo : 1 // Título : SUPER PRUEBA // Motivo : 1 // Costo : 123456789 // Contratista : admin //','2017-08-03 16:49:01','Móvil','SUPER PRUEBA'),(165,1,745,0,1,' Departamento : 25 // Municipio : 25200 // Dirección : Direccion // Latitud : 5.0596016 // Longitud : -73.9791577 // Entidad : posible entidad // Rango de Tiempo : 1 // Título : SUPER PRUEBA // Motivo : 1 // Costo : 123456789 // Contratista : admin //','2017-08-03 16:49:07','Móvil','SUPER PRUEBA'),(166,1,746,0,1,' Departamento : 25 // Municipio : 25200 // Dirección : Direccion // Latitud : 5.0596016 // Longitud : -73.9791577 // Entidad : posible entidad // Rango de Tiempo : 1 // Título : SUPER PRUEBA // Motivo : 1 // Costo : 123456789 // Contratista : admin //','2017-08-03 16:50:07','Móvil','SUPER PRUEBA'),(167,1,747,0,1,' Departamento : 25 // Municipio : 25200 // Dirección : Direccion // Latitud : 5.0596016 // Longitud : -73.9791577 // Entidad : posible entidad // Rango de Tiempo : 1 // Título : SUPER PRUEBA // Motivo : 1 // Costo : 123456789 // Contratista : admin //','2017-08-03 16:51:13','Móvil','SUPER PRUEBA'),(168,1,748,0,1,' Departamento : 25 // Municipio : 25200 // Dirección : Direccion // Latitud : 5.0596016 // Longitud : -73.9791577 // Entidad : posible entidad // Rango de Tiempo : 1 // Título : SUPER PRUEBA // Motivo : 1 // Costo : 123456789 // Contratista : admin //','2017-08-03 16:51:16','Móvil','SUPER PRUEBA'),(169,1,749,0,1,' Departamento : 25 // Municipio : 25200 // Dirección : Direccion // Latitud : 5.0596016 // Longitud : -73.9791577 // Entidad : posible entidad // Rango de Tiempo : 1 // Título : SUPER PRUEBA // Motivo : 1 // Costo : 123456789 // Contratista : admin //','2017-08-03 16:51:19','Móvil','SUPER PRUEBA'),(170,1,750,0,1,' Departamento : 25 // Municipio : 25200 // Dirección : Direccion // Latitud : 5.0596016 // Longitud : -73.9791577 // Entidad : posible entidad // Rango de Tiempo : 1 // Título : SUPER PRUEBA // Motivo : 1 // Costo : 123456789 // Contratista : admin //','2017-08-03 16:51:21','Móvil','SUPER PRUEBA'),(171,1,751,0,1,' Departamento : 11 // Municipio : 11001 // Dirección : null // Latitud : 5.073466147590554 // Longitud : -74.01463776826859 // Entidad : jsjsj // Rango de Tiempo : 2 // Título : jsjs // Motivo : 2 // Costo : 646464 // Contratista : hshshs //','2017-08-03 17:01:12','Móvil','jsjs'),(172,1,752,0,1,' Departamento : 11 // Municipio : 11001 // Dirección : null // Latitud : 5.073466147590554 // Longitud : -74.01463776826859 // Entidad : jdjdjd // Rango de Tiempo : 3 // Título : jdjdj // Motivo : 2 // Costo : 9969 // Contratista : vgg //','2017-08-03 17:03:04','Móvil','jdjdj'),(173,1,753,0,1,' Departamento : 11 // Municipio : 11001 // Dirección : null // Latitud : 5.073466147590554 // Longitud : -74.01463776826859 // Entidad : jdjdjd // Rango de Tiempo : 3 // Título : jdjdj // Motivo : 2 // Costo : 9969 // Contratista : vgg //','2017-08-03 17:03:07','Móvil','jdjdj'),(174,1,755,0,1,' Departamento : 25 // Municipio : 25200 // Dirección : Direccion // Latitud : 5.0596016 // Longitud : -73.9791577 // Entidad : posible entidad // Rango de Tiempo : 1 // Título : SUPER PRUEBA // Motivo : 1 // Costo : 123456789 // Contratista : admin //','2017-08-03 17:18:21','Móvil','SUPER PRUEBA'),(175,1,756,0,1,' Departamento : 11 // Municipio : 11001 // Dirección : null // Latitud : 5.073466147590554 // Longitud : -74.01463776826859 // Entidad : djdj // Rango de Tiempo : 2 // Título : sjks // Motivo : 2 // Costo : 64646 // Contratista : jdjsks //','2017-08-03 17:21:30','Móvil','sjks'),(176,5,756,0,2,' Entidad : djdj // Rango de Tiempo : 2 // Titulo : sjks // Motivo : 2 // Costo : 64646 // Contratista : jdjsks //','2017-08-03 17:22:39','Móvil','sjks'),(177,5,756,0,2,' Entidad : djdj // Rango de Tiempo : 2 // Titulo : sjks // Motivo : 2 // Costo : 64646 // Contratista : jdjsks //','2017-08-03 17:22:39','Móvil','sjks'),(178,1,757,0,1,' Departamento : 25 // Municipio : 25793 // Dirección : KM 6 TAUSA - LA PLAZUELA // Latitud : 5.174200376199711 // Longitud : -73.93329508602619 // Entidad : jum // Rango de Tiempo : 3 // Título : prueba // Motivo : 3 // Costo : 6464 // Contratista : hsjsjs //','2017-08-03 17:28:14','Móvil','prueba'),(179,1,766,0,1,' Departamento : 25 // Municipio : 25200 // Dirección : Direccion // Latitud : 5.0596016 // Longitud : -73.9791577 // Entidad : posible entidad // Rango de Tiempo : 1 // Título : SUPER PRUEBA // Motivo : 1 // Costo : 123456789 // Contratista : admin //','2017-08-03 18:00:58','Móvil','SUPER PRUEBA'),(180,1,767,0,1,' Departamento : 25 // Municipio : 25200 // Dirección : Direccion // Latitud : 5.0596016 // Longitud : -73.9791577 // Entidad : posible entidad // Rango de Tiempo : 1 // Título : SUPER PRUEBA // Motivo : 1 // Costo : 123456789 // Contratista : admin //','2017-08-03 18:14:46','Móvil','SUPER PRUEBA'),(181,1,768,0,1,' Departamento : 25 // Municipio : 25200 // Dirección : Direccion // Latitud : 5.0596016 // Longitud : -73.9791577 // Entidad : posible entidad // Rango de Tiempo : 1 // Título : SUPER PRUEBA // Motivo : 1 // Costo : 123456789 // Contratista : admin //','2017-08-03 21:14:06','Móvil','SUPER PRUEBA'),(182,1,769,0,1,' Departamento : 25 // Municipio : 25200 // Dirección : Direccion // Latitud : 5.0596016 // Longitud : -73.9791577 // Entidad : posible entidad // Rango de Tiempo : 1 // Título : SUPER PRUEBA // Motivo : 1 // Costo : 123456789 // Contratista : admin //','2017-08-03 21:14:12','Móvil','SUPER PRUEBA'),(183,1,770,0,1,' Departamento : 25 // Municipio : 25200 // Dirección : Direccion // Latitud : 5.0596016 // Longitud : -73.9791577 // Entidad : posible entidad // Rango de Tiempo : 1 // Título : SUPER PRUEBA // Motivo : 1 // Costo : 123456789 // Contratista : admin //','2017-08-03 21:14:19','Móvil','SUPER PRUEBA'),(184,1,772,0,1,' Departamento : 25 // Municipio : 25200 // Dirección : Direccion // Latitud : 5.0596016 // Longitud : -73.9791577 // Entidad : posible entidad // Rango de Tiempo : 1 // Título : SUPER PRUEBA // Motivo : 1 // Costo : 123456789 // Contratista : admin //','2017-08-03 21:20:22','Móvil','SUPER PRUEBA'),(185,1,773,0,1,' Departamento : 25 // Municipio : 25200 // Dirección : Direccion // Latitud : 5.0596016 // Longitud : -73.9791577 // Entidad : posible entidad // Rango de Tiempo : 1 // Título : SUPER PRUEBA // Motivo : 1 // Costo : 123456789 // Contratista : admin //','2017-08-03 21:20:29','Móvil','SUPER PRUEBA'),(186,1,774,0,1,' Departamento : 25 // Municipio : 25200 // Dirección : Direccion // Latitud : 5.0596016 // Longitud : -73.9791577 // Entidad : posible entidad // Rango de Tiempo : 1 // Título : SUPER PRUEBA // Motivo : 1 // Costo : 123456789 // Contratista : admin //','2017-08-03 21:20:35','Móvil','SUPER PRUEBA'),(187,1,775,0,1,' Departamento : 25 // Municipio : 25200 // Dirección : Direccion // Latitud : 5.0596016 // Longitud : -73.9791577 // Entidad : posible entidad // Rango de Tiempo : 1 // Título : SUPER PRUEBA // Motivo : 1 // Costo : 123456789 // Contratista : admin //','2017-08-03 21:20:39','Móvil','SUPER PRUEBA'),(188,1,776,0,1,' Departamento : 11 // Municipio : 11001 // Dirección : CL 64 CON KR 48 (BOGOTA) // Latitud : 4.6662557 // Longitud : -74.0845244 // Entidad : 44444 // Rango de Tiempo : 2 // Título : 123 // Motivo : 2 // Costo : 99999 // Contratista : ooooooooooooooo //','2017-08-03 21:44:41','Móvil','123'),(189,1,777,0,1,' Departamento : 11 // Municipio : 11001 // Dirección : CL 64 CON KR 48 (BOGOTA) // Latitud : 4.6662557 // Longitud : -74.0845244 // Entidad : 44444 // Rango de Tiempo : 2 // Título : 123 // Motivo : 2 // Costo : 99999 // Contratista : ooooooooooooooo //','2017-08-03 21:44:43','Móvil','123'),(190,1,778,0,1,' Departamento : 25 // Municipio : 25200 // Dirección : CL 3 CON KR 3 (COGUA (Cundinamarca) // Latitud : 5.0596382 // Longitud : -73.9790964 // Entidad : jum // Rango de Tiempo : 3 // Título : viernes // Motivo : 3 // Costo : 31500000 // Contratista : owjejw //','2017-08-04 10:26:26','Móvil','viernes'),(191,1,780,0,1,' Departamento : 25 // Municipio : 25793 // Dirección : KM 6 TAUSA - LA PLAZUELA // Latitud : 5.174200376199711 // Longitud : -73.93329508602619 // Entidad : jsjsjs // Rango de Tiempo : 3 // Título : pppaaa // Motivo : 3 // Costo : 646464 // Contratista : bsbsbs //','2017-08-04 10:54:49','Móvil','pppaaa'),(192,1,781,0,1,' Departamento : 25 // Municipio : 25793 // Dirección : KM 6 TAUSA - LA PLAZUELA // Latitud : 5.174200376199711 // Longitud : -73.93329508602619 // Entidad : jsjsjs // Rango de Tiempo : 3 // Título : pppaaa // Motivo : 3 // Costo : 646464 // Contratista : bsbsbs //','2017-08-04 10:54:52','Móvil','pppaaa'),(193,1,782,0,1,' Departamento : 25 // Municipio : 25793 // Dirección : KM 6 ROMA (TAUSA VIEJO) - VIA PRINCIPAL LA PLAZUELA // Latitud : 5.200584384759576 // Longitud : -73.93598467111588 // Entidad : jkksss // Rango de Tiempo : 3 // Título : pqpqpqpq // Motivo : 1 // Costo : 313164 // Contratista : jajsjs //','2017-08-04 10:55:54','Móvil','pqpqpqpq'),(194,1,783,0,1,' Departamento : 11 // Municipio : 11001 // Dirección : null // Latitud : 5.213668295527085 // Longitud : -73.94011493772268 // Entidad : hhhgggj // Rango de Tiempo : 2 // Título : hhhh // Motivo : 2 // Costo : 66455 // Contratista : jfjf //','2017-08-04 11:49:21','Móvil','hhhh'),(195,1,784,0,1,' Departamento : 11 // Municipio : 11001 // Dirección : null // Latitud : 5.213668295527085 // Longitud : -73.94011493772268 // Entidad : hhhgggj // Rango de Tiempo : 2 // Título : hhhh // Motivo : 2 // Costo : 66455 // Contratista : jfjf //','2017-08-04 11:49:24','Móvil','hhhh'),(196,1,785,0,1,' Departamento : 11 // Municipio : 11001 // Dirección : null // Latitud : 5.205955078261637 // Longitud : -73.9450927823782 // Entidad : kekfjfj // Rango de Tiempo : 2 // Título : 3 // Motivo : 3 // Costo : 64466 // Contratista : nfbdj //','2017-08-04 11:50:41','Móvil','3'),(197,1,786,0,1,' Departamento : 11 // Municipio : 11001 // Dirección : null // Latitud : 5.205955078261637 // Longitud : -73.9450927823782 // Entidad : kekfjfj // Rango de Tiempo : 2 // Título : 3 // Motivo : 3 // Costo : 64466 // Contratista : nfbdj //','2017-08-04 11:50:44','Móvil','3'),(198,1,787,0,1,' Departamento : 11 // Municipio : 11001 // Dirección : null // Latitud : 5.199042451355642 // Longitud : -73.93950305879115 // Entidad : jsjsjs // Rango de Tiempo : 3 // Título : 4 // Motivo : 2 // Costo : 6464 // Contratista : bsjsjsj //','2017-08-04 11:55:42','Móvil','4'),(199,1,788,0,1,' Departamento : 11 // Municipio : 11001 // Dirección : null // Latitud : 5.199042451355642 // Longitud : -73.93950305879115 // Entidad : jsjsjs // Rango de Tiempo : 3 // Título : 4 // Motivo : 2 // Costo : 6464 // Contratista : bsjsjsj //','2017-08-04 11:55:45','Móvil','4'),(200,1,789,0,1,' Departamento : 25 // Municipio : 25793 // Dirección : KM 4.5 ROMA (TAUSA VIEJO) - VIA PRINCIPAL LA PLAZUELA // Latitud : 5.209565120136246 // Longitud : -73.926552683115 // Entidad : kzkzkz // Rango de Tiempo : 4 // Título : 5 // Motivo : 2 // Costo : 4646 // Contratista : ksjsks //','2017-08-04 11:57:35','Móvil','5'),(201,1,792,0,1,' Departamento : 25 // Municipio : 25793 // Dirección : KM 4.5 ROMA (TAUSA VIEJO) - VIA PRINCIPAL LA PLAZUELA // Latitud : 5.209565120136246 // Longitud : -73.926552683115 // Entidad : jdjdjdhd // Rango de Tiempo : 2 // Título : 44 // Motivo : 2 // Costo : 949494 // Contratista : sbbdbs //','2017-08-04 12:08:38','Móvil','44'),(202,1,793,0,1,' Departamento : 25 // Municipio : 25793 // Dirección : KM 4.5 ROMA (TAUSA VIEJO) - VIA PRINCIPAL LA PLAZUELA // Latitud : 5.209565120136246 // Longitud : -73.926552683115 // Entidad : jdjdjdhd // Rango de Tiempo : 2 // Título : 44 // Motivo : 2 // Costo : 949494 // Contratista : sbbdbs //','2017-08-04 12:08:43','Móvil','44'),(203,1,795,0,1,' Departamento : 25 // Municipio : 25200 // Dirección : Direccion // Latitud : 5.0596016 // Longitud : -73.9791577 // Entidad : posible entidad // Rango de Tiempo : 1 // Título : ES OTRO44 // Motivo : 1 // Costo : 123456789 // Contratista : admin //','2017-08-04 12:10:01','Móvil','ES OTRO44'),(204,1,820,0,1,' Departamento : 25 // Municipio : 25200 // Dirección : Direccion // Latitud : 5.0596016 // Longitud : -73.9791577 // Entidad : posible entidad // Rango de Tiempo : 1 // Título : REGISTRO // Motivo : 1 // Costo : 123456789 // Contratista : admin //','2017-08-04 14:05:36','Móvil','REGISTRO'),(205,1,821,0,1,' Departamento : 25 // Municipio : 25200 // Dirección : Direccion // Latitud : 5.0596016 // Longitud : -73.9791577 // Entidad : posible entidad // Rango de Tiempo : 1 // Título : REGISTRO // Motivo : 1 // Costo : 123456789 // Contratista : admin //','2017-08-04 14:05:39','Móvil','REGISTRO'),(206,1,822,0,1,' Departamento : 25 // Municipio : 25200 // Dirección : Direccion // Latitud : 5.0596016 // Longitud : -73.9791577 // Entidad : posible entidad // Rango de Tiempo : 1 // Título : REGISTRO // Motivo : 1 // Costo : 123456789 // Contratista : admin //','2017-08-04 14:06:02','Móvil','REGISTRO'),(207,1,824,0,1,' Departamento : 25 // Municipio : 25200 // Dirección : Direccion // Latitud : 5.0596016 // Longitud : -73.9791577 // Entidad : posible entidad // Rango de Tiempo : 1 // Título : REGISTRO // Motivo : 1 // Costo : 123456789 // Contratista : admin //','2017-08-04 14:09:51','Móvil','REGISTRO'),(208,1,825,0,1,' Departamento : 25 // Municipio : 25200 // Dirección : Direccion // Latitud : 5.0596016 // Longitud : -73.9791577 // Entidad : posible entidad // Rango de Tiempo : 1 // Título : REGISTRO // Motivo : 1 // Costo : 123456789 // Contratista : admin //','2017-08-04 14:37:35','Móvil','REGISTRO'),(209,1,826,0,1,' Departamento : 11 // Municipio : 11001 // Dirección : null // Latitud : 5.243197411282245 // Longitud : -73.90356481075287 // Entidad : jzjsjsj // Rango de Tiempo : 2 // Título : ididud // Motivo : 2 // Costo : 6446 // Contratista : jzjz //','2017-08-04 15:19:44','Móvil','ididud'),(210,1,827,0,1,' Departamento : 11 // Municipio : 11001 // Dirección : null // Latitud : 5.243197411282245 // Longitud : -73.90356481075287 // Entidad : jzjzjz // Rango de Tiempo : 4 // Título : 1 // Motivo : 3 // Costo : 646464 // Contratista : jxjdjd //','2017-08-04 16:22:49','Móvil','1'),(211,1,828,0,1,' Departamento : 11 // Municipio : 11001 // Dirección : null // Latitud : 5.240489693279452 // Longitud : -73.89771625399591 // Entidad : jdkdjd // Rango de Tiempo : 2 // Título : 2 // Motivo : 2 // Costo : 666 // Contratista : jbj //','2017-08-04 16:24:58','Móvil','2'),(212,1,829,0,1,' Departamento : 11 // Municipio : 11001 // Dirección : null // Latitud : 5.233082972894889 // Longitud : -73.89824129641056 // Entidad : kskdkz // Rango de Tiempo : 2 // Título : 3 // Motivo : 2 // Costo : 646446 // Contratista : jzjz //','2017-08-04 16:25:39','Móvil','3'),(213,1,830,0,1,' Departamento : 11 // Municipio : 11001 // Dirección : null // Latitud : 5.22679934491769 // Longitud : -73.90239905565977 // Entidad : jdjdjd // Rango de Tiempo : 3 // Título : 4 // Motivo : 2 // Costo : 646464 // Contratista : hdjdj //','2017-08-04 16:26:13','Móvil','4'),(214,1,831,0,1,' Departamento : 11 // Municipio : 11001 // Dirección : null // Latitud : 5.228243049083724 // Longitud : -73.91011476516724 // Entidad : jdjdjdkd // Rango de Tiempo : 2 // Título : 5 // Motivo : 3 // Costo : 6556 // Contratista : qqjhakkdksjj //','2017-08-04 16:26:55','Móvil','5'),(215,1,832,0,1,' Departamento : 25 // Municipio : 25200 // Dirección : CL 3 CON KR 3 (COGUA (Cundinamarca) // Latitud : 5.0596016 // Longitud : -73.9791577 // Entidad : jummm // Rango de Tiempo : 2 // Título : 123 // Motivo : 2 // Costo : 220000000 // Contratista : iwuwuw //','2017-08-04 16:41:22','Móvil','123'),(216,1,833,0,1,' Departamento : 25 // Municipio : 25200 // Dirección : CL 3 CON KR 3 (COGUA (Cundinamarca) // Latitud : 5.0596016 // Longitud : -73.9791577 // Entidad : jummm // Rango de Tiempo : 2 // Título : 123 // Motivo : 2 // Costo : 220000000 // Contratista : iwuwuw //','2017-08-04 16:41:23','Móvil','123'),(217,1,834,0,1,' Departamento : 11 // Municipio : 11001 // Dirección : CL 127D CON KR 22 (BOGOTA) // Latitud : 4.7115354 // Longitud : -74.0509653 // Entidad : test lmfr // Rango de Tiempo : null // Título : test lmfr // Motivo : 1 // Costo : 0 // Contratista : null //','2017-08-07 13:15:31','Móvil','test lmfr'),(218,1,835,0,1,' Departamento : 11 // Municipio : 11001 // Dirección : CL 72A CON KR 20 (BOGOTA) // Latitud : 4.6600544 // Longitud : -74.061876 // Entidad : invias // Rango de Tiempo : 1 // Título : edificio centro mayor // Motivo : 1 // Costo : 0 // Contratista : null //','2017-08-09 08:38:34','Móvil','edificio centro mayor'),(219,1,836,0,1,' Departamento : 08 // Municipio : 08001 // Dirección : CL 80 CON KR 52 (BARRANQUILLA) // Latitud : 11.0041623 // Longitud : -74.8114154 // Entidad : lmfr // Rango de Tiempo : 1 // Título : lmfr // Motivo : 1 // Costo : 0 // Contratista : null //','2017-08-09 12:59:51','Móvil','lmfr'),(220,1,837,0,1,' Departamento : 08 // Municipio : 08001 // Dirección : CL 60A CON KR 54 (BARRANQUILLA) // Latitud : 10.995439 // Longitud : -74.7936485 // Entidad : andre // Rango de Tiempo : 3 // Título : enadre // Motivo : 3 // Costo : 0 // Contratista : null //','2017-08-09 16:10:23','Móvil','enadre'),(221,1,838,0,1,' Departamento : 11 // Municipio : 11001 // Dirección : CL 12A CON KR 8 (BOGOTA) // Latitud : 4.6000481 // Longitud : -74.0749334 // Entidad : mintic // Rango de Tiempo : 1 // Título : ascensor averiado // Motivo : 1 // Costo : 0 // Contratista : null //','2017-08-10 08:38:37','Móvil','ascensor averiado'),(222,1,839,0,1,' Departamento : 25 // Municipio : 25200 // Dirección : CL 3 CON KR 3 (COGUA (Cundinamarca) // Latitud : 5.0596279 // Longitud : -73.9791046 // Entidad : jumm // Rango de Tiempo : 2 // Título : pruebamiercoles // Motivo : 2 // Costo : 25897643550 // Contratista : talkfkwodk  //','2017-08-10 09:47:32','Móvil','pruebamiercoles'),(223,1,840,0,1,' Departamento : 25 // Municipio : 25200 // Dirección : CL 3 CON KR 3 (COGUA (Cundinamarca) // Latitud : 5.0596541 // Longitud : -73.9790479 // Entidad : jumm // Rango de Tiempo : 2 // Título : prueba 10 08 // Motivo : 2 // Costo : 31245464840 // Contratista : odjwowjejwj //','2017-08-10 09:51:08','Móvil','prueba 10 08'),(224,1,841,0,1,' Departamento : 25 // Municipio : 25200 // Dirección : CL 3 CON KR 3 (COGUA (Cundinamarca) // Latitud : 5.0596541 // Longitud : -73.9790479 // Entidad : jumm // Rango de Tiempo : 2 // Título : prueba 10 08 // Motivo : 2 // Costo : 31245464840 // Contratista : odjwowjejwj //','2017-08-10 09:51:11','Móvil','prueba 10 08'),(225,1,842,0,1,' Departamento : 08 // Municipio : 08001 // Dirección : CL 70 CON KR 52 (BARRANQUILLA) // Latitud : 10.9965294 // Longitud : -74.8012284 // Entidad : lmfr // Rango de Tiempo : null // Título : lmfr // Motivo : 1 // Costo : 0 // Contratista : null //','2017-08-10 10:20:33','Móvil','lmfr'),(226,1,843,0,1,' Departamento : 08 // Municipio : 08001 // Dirección : CL 70 CON KR 49 (BARRANQUILLA) // Latitud : 10.9951465 // Longitud : -74.8025533 // Entidad : lmfr // Rango de Tiempo : null // Título : lmfr  // Motivo : 2 // Costo : 0 // Contratista : null //','2017-08-10 11:40:51','Móvil','lmfr '),(227,1,844,0,1,' Departamento : 08 // Municipio : 08758 // Dirección : CL 22 CON KR 7 SUR (SOLEDAD) // Latitud : 10.8861028 // Longitud : -74.7770088 // Entidad : lmfr // Rango de Tiempo : 2 // Título : lmfr // Motivo : 1 // Costo : 0 // Contratista : null //','2017-08-10 13:53:31','Móvil','lmfr'),(228,1,845,0,1,' Departamento : 11 // Municipio : 11001 // Dirección : CL 12A CON KR 7 (BOGOTA) // Latitud : 4.5999256 // Longitud : -74.074681 // Entidad : prueba // Rango de Tiempo : 1 // Título : prueba // Motivo : 1 // Costo : 0 // Contratista : null //','2017-08-10 14:09:25','Móvil','prueba'),(229,1,846,0,1,' Departamento : 11 // Municipio : 11001 // Dirección : CL 80 CON KR 28A (BOGOTA) // Latitud : 4.6722358 // Longitud : -74.0654452 // Entidad : lmf // Rango de Tiempo : 2 // Título : lmf // Motivo : 2 // Costo : 0 // Contratista : null //','2017-08-11 12:07:57','Móvil','lmf'),(230,1,847,0,1,' Departamento : 11 // Municipio : 11001 // Dirección : CL 80 CON KR 28A (BOGOTA) // Latitud : 4.6722358 // Longitud : -74.0654452 // Entidad : lmf // Rango de Tiempo : 2 // Título : lmf // Motivo : 2 // Costo : 0 // Contratista : null //','2017-08-11 12:08:05','Móvil','lmf'),(231,1,848,0,1,' Departamento : 11 // Municipio : 11001 // Dirección : CL 127BIS CON KR 21 (BOGOTA) // Latitud : 4.7069361 // Longitud : -74.0518407 // Entidad : tedt // Rango de Tiempo : 2 // Título : tedt // Motivo : 1 // Costo : 0 // Contratista : null //','2017-08-14 09:48:30','Móvil','tedt'),(232,1,849,0,1,' Departamento : 17 // Municipio : 17001 // Dirección : CL 18 CON KR 22 (MANIZALES) // Latitud : 5.0675942 // Longitud : -75.5199606 // Entidad : usi // Rango de Tiempo : null // Título : skdjdj // Motivo : 2 // Costo : 0 // Contratista : null //','2017-08-31 08:46:32','Móvil','skdjdj'),(233,1,850,0,1,' Departamento : 11 // Municipio : 11001 // Dirección : CL 84 CON KR 27 (BOGOTA) // Latitud : 4.6725627 // Longitud : -74.0639881 // Entidad : lm // Rango de Tiempo : 2 // Título : lm // Motivo : 2 // Costo : 1 // Contratista : ek //','2017-09-26 16:35:57','Móvil','lm'),(234,1,851,0,1,' Departamento : 11 // Municipio : 11001 // Dirección : CL 84 CON KR 27 (BOGOTA) // Latitud : 4.6725627 // Longitud : -74.0639881 // Entidad : lm // Rango de Tiempo : 2 // Título : lm // Motivo : 2 // Costo : 1 // Contratista : ek //','2017-09-26 16:35:59','Móvil','lm'),(235,1,852,0,1,' Departamento : 11 // Municipio : 11001 // Dirección : CL 84 CON KR 27 (BOGOTA) // Latitud : 4.672679 // Longitud : -74.0639478 // Entidad : ccg // Rango de Tiempo : 2 // Título : dfg // Motivo : 3 // Costo : 85 // Contratista : gg //','2017-09-26 16:42:22','Móvil','dfg'),(236,1,855,0,1,' Departamento : 11 // Municipio : 11001 // Dirección : CL 84 CON KR 27 (BOGOTA) // Latitud : 4.6725373 // Longitud : -74.0637357 // Entidad : prueba // Rango de Tiempo : 1 // Título : prueba // Motivo : 3 // Costo : 100000 // Contratista : prrba3 //','2017-09-26 17:53:54','Móvil','prueba'),(237,1,856,0,1,' Departamento : 11 // Municipio : 11001 // Dirección : CL 84 CON KR 27 (BOGOTA) // Latitud : 4.6725806 // Longitud : -74.0637789 // Entidad : ha // Rango de Tiempo : 3 // Título : hola // Motivo : 3 // Costo : 464994 // Contratista : prueba //','2017-09-26 17:54:35','Móvil','hola'),(238,5,827,0,2,' Entidad : jzjzjz // Rango de Tiempo : 4 // Titulo : 1 // Motivo : 3 // Costo : 55 // Contratista : cc //','2017-09-26 17:56:45','Móvil','1'),(239,5,827,0,2,' Entidad : jzjzjz // Rango de Tiempo : 4 // Titulo : 1 // Motivo : 3 // Costo : 55 // Contratista : cc //','2017-09-26 17:56:45','Móvil','1'),(240,1,857,0,1,' Departamento : 11 // Municipio : 11001 // Dirección : CL 84 CON KR 27 (BOGOTA) // Latitud : 4.6725624 // Longitud : -74.0637688 // Entidad : holaa // Rango de Tiempo : 2 // Título : hoho // Motivo : 2 // Costo : 64664 // Contratista : hshshs //','2017-09-26 17:58:18','Móvil','hoho'),(241,1,858,0,1,' Departamento : 11 // Municipio : 11001 // Dirección : CL 12A CON KR 7 (BOGOTA) // Latitud : 4.5999129 // Longitud : -74.0749793 // Entidad : sksn // Rango de Tiempo : 1 // Título : sksjs // Motivo : 2 // Costo : 0 // Contratista : null //','2017-09-27 09:14:05','Móvil','sksjs'),(242,1,859,0,1,' Departamento : 11 // Municipio : 11001 // Dirección : CL 12A CON KR 7 (BOGOTA) // Latitud : 4.5999129 // Longitud : -74.0749793 // Entidad : sksn // Rango de Tiempo : 1 // Título : sksjs // Motivo : 2 // Costo : 0 // Contratista : null //','2017-09-27 09:14:12','Móvil','sksjs'),(243,1,860,0,1,' Departamento : 11 // Municipio : 11001 // Dirección : CL 12A CON KR 8 (BOGOTA) // Latitud : 4.6000976 // Longitud : -74.0749678 // Entidad : kdj // Rango de Tiempo : null // Título : lmf // Motivo : 2 // Costo : 0 // Contratista : null //','2017-09-27 13:23:35','Móvil','lmf'),(244,1,861,0,1,' Departamento : 11 // Municipio : 11001 // Dirección : CL 12A CON KR 8 (BOGOTA) // Latitud : 4.6000898 // Longitud : -74.0749866 // Entidad : prueba1 // Rango de Tiempo : 1 // Título : prueba // Motivo : 2 // Costo : 10000 // Contratista : nueva //','2017-09-27 13:29:11','Móvil','prueba'),(245,1,862,0,1,' Departamento : 11 // Municipio : 11001 // Dirección : CL 84 CON KR 27 (BOGOTA) // Latitud : 4.6725816 // Longitud : -74.0639651 // Entidad : sbbs // Rango de Tiempo : null // Título : sjsj // Motivo : 3 // Costo : 0 // Contratista : null //','2017-10-03 16:38:10','Móvil','sjsj'),(246,1,863,0,1,' Departamento : 11 // Municipio : 11001 // Dirección : CL 83 CON KR 24 (BOGOTA) // Latitud : 4.6707268 // Longitud : -74.0634029 // Entidad : hhh // Rango de Tiempo : null // Título : gg // Motivo : 2 // Costo : 0 // Contratista : null //','2017-10-10 13:28:52','Móvil','gg'),(247,1,864,0,1,' Departamento : 11 // Municipio : 11001 // Dirección : CL 98 CON KR 8A (BOGOTA) // Latitud : 4.6799355 // Longitud : -74.0407186 // Entidad : hffyhy // Rango de Tiempo : null // Título : dhyd // Motivo : 2 // Costo : 0 // Contratista : null //','2017-10-12 14:33:41','Móvil','dhyd'),(248,1,865,0,1,' Departamento : 25 // Municipio : 25200 // Dirección : Direccion // Latitud : 5.0596016 // Longitud : -73.9791577 // Entidad : posible entidad // Rango de Tiempo : 1 // Título : REGISTRO // Motivo : 1 // Costo : 123456789 // Contratista : admin //','2017-10-12 17:21:59','Móvil','REGISTRO'),(249,1,866,0,1,' Departamento : 25 // Municipio : 25200 // Dirección : Direccion // Latitud : 5.0596016 // Longitud : -73.9791577 // Entidad : posible entidad // Rango de Tiempo : 1 // Título : REGISTRO // Motivo : 1 // Costo : 123456789 // Contratista : admin //','2017-10-12 17:22:06','Móvil','REGISTRO'),(250,1,867,0,1,' Departamento : 25 // Municipio : 25200 // Dirección : Direccion // Latitud : 5.0596016 // Longitud : -73.9791577 // Entidad : posible entidad // Rango de Tiempo : 1 // Título : REGISTRO // Motivo : 1 // Costo : 123456789 // Contratista : admin //','2017-10-12 17:27:42','Móvil','REGISTRO'),(251,1,868,0,1,' Departamento : 25 // Municipio : 25200 // Dirección : Direccion // Latitud : 5.0596016 // Longitud : -73.9791577 // Entidad : posible entidad // Rango de Tiempo : 1 // Título : REGISTRO // Motivo : 1 // Costo : 123456789 // Contratista : admin //','2017-10-12 17:32:50','Móvil','REGISTRO'),(252,1,869,0,1,' Departamento : 25 // Municipio : 25200 // Dirección : Direccion // Latitud : 5.0596016 // Longitud : -73.9791577 // Entidad : posible entidad // Rango de Tiempo : 1 // Título : REGISTRO // Motivo : 1 // Costo : 123456789 // Contratista : admin //','2017-10-12 17:40:57','Móvil','REGISTRO'),(253,1,870,0,1,' Departamento : 25 // Municipio : 25200 // Dirección : Direccion // Latitud : 5.0596016 // Longitud : -73.9791577 // Entidad : posible entidad // Rango de Tiempo : 1 // Título : REGISTRO // Motivo : 1 // Costo : 123456789 // Contratista : admin //','2017-10-12 18:02:40','Móvil','REGISTRO'),(254,1,871,0,1,' Departamento : 11 // Municipio : 11001 // Dirección : null // Latitud : 4.6725373 // Longitud : -74.0637357 // Entidad : hhj // Rango de Tiempo : null // Título : testservi // Motivo : 2 // Costo : 0 // Contratista : null //','2017-10-13 09:25:48','Móvil','testservi'),(255,1,872,0,1,' Departamento : 11 // Municipio : 11001 // Dirección : null // Latitud : 4.6726137 // Longitud : -74.0636668 // Entidad : je // Rango de Tiempo : null // Título : jd // Motivo : 3 // Costo : 0 // Contratista : null //','2017-10-13 11:51:27','Móvil','jd'),(256,1,874,0,1,' Departamento : 11 // Municipio : 11001 // Dirección : null // Latitud : 4.6726197 // Longitud : -74.0638511 // Entidad : vgg // Rango de Tiempo : null // Título : ser haces // Motivo : 2 // Costo : 0 // Contratista : null //','2017-10-13 12:45:19','Móvil','ser haces'),(257,1,873,0,1,' Departamento : 11 // Municipio : 11001 // Dirección : null // Latitud : 4.6726197 // Longitud : -74.0638511 // Entidad : vgg // Rango de Tiempo : null // Título : ser haces // Motivo : 2 // Costo : 0 // Contratista : null //','2017-10-13 12:45:19','Móvil','ser haces'),(258,1,875,0,1,' Departamento : 11 // Municipio : 11001 // Dirección : null // Latitud : 4.6726197 // Longitud : -74.0638511 // Entidad : vgg // Rango de Tiempo : null // Título : ser haces // Motivo : 2 // Costo : 0 // Contratista : null //','2017-10-13 12:45:30','Móvil','ser haces'),(259,1,877,0,1,' Departamento : 11 // Municipio : 11001 // Dirección : null // Latitud : 4.6725373 // Longitud : -74.0637357 // Entidad : gghfkfkfk // Rango de Tiempo : null // Título : vv // Motivo : 2 // Costo : 0 // Contratista : null //','2017-10-13 14:14:55','Móvil','vv'),(260,1,878,0,1,' Departamento : 11 // Municipio : 11001 // Dirección : null // Latitud : 4.6725373 // Longitud : -74.0637357 // Entidad : fd // Rango de Tiempo : null // Título : ff // Motivo : 2 // Costo : 0 // Contratista : null //','2017-10-13 14:21:48','Móvil','ff'),(261,1,879,0,1,' Departamento : 11 // Municipio : 11001 // Dirección : null // Latitud : 4.6725373 // Longitud : -74.0637357 // Entidad : nsns // Rango de Tiempo : null // Título : hshs // Motivo : 2 // Costo : 0 // Contratista : null //','2017-10-13 17:06:02','Móvil','hshs'),(262,1,880,0,1,' Departamento : 11 // Municipio : 11001 // Dirección : null // Latitud : 4.6725558 // Longitud : -74.0636898 // Entidad : alcaldia // Rango de Tiempo : 1 // Título : matadero publico // Motivo : 1 // Costo : 50000000 // Contratista : ndjs sa //','2017-10-13 18:29:05','Móvil','matadero publico'),(263,1,881,0,1,' Departamento : 11 // Municipio : 11001 // Dirección : null // Latitud : 4.6725362 // Longitud : -74.0637665 // Entidad : scotland // Rango de Tiempo : 2 // Título : test scotland // Motivo : 1 // Costo : 5896324785 // Contratista : william wallace //','2017-10-17 10:02:54','Móvil','test scotland'),(264,5,827,0,2,' Entidad : jzjzjz // Rango de Tiempo : 4 // Titulo : 1 // Motivo : 3 // Costo : 55 // Contratista :  //','2017-10-17 10:02:59','Móvil','1'),(265,5,827,0,2,' Entidad : jzjzjz // Rango de Tiempo : 4 // Titulo : 1 // Motivo : 3 // Costo : 55 // Contratista :  //','2017-10-17 10:03:00','Móvil','1'),(266,1,882,0,1,' Departamento : 11 // Municipio : 11001 // Dirección : null // Latitud : 3.8882553120248518 // Longitud : -77.00624160468578 // Entidad : jshs // Rango de Tiempo : null // Título : hshs // Motivo : 2 // Costo : 0 // Contratista : null //','2017-10-17 14:36:45','Móvil','hshs'),(267,1,883,0,1,' Departamento : 11 // Municipio : 11001 // Dirección : null // Latitud : 3.8882553120248518 // Longitud : -77.00624160468578 // Entidad : jshs // Rango de Tiempo : null // Título : hshs // Motivo : 2 // Costo : 0 // Contratista : null //','2017-10-17 14:36:49','Móvil','hshs'),(268,1,885,0,1,' Departamento : 11 // Municipio : 11001 // Dirección : null // Latitud : 4.1775982 // Longitud : -76.9193457 // Entidad : jdjsjd // Rango de Tiempo : null // Título : ososjs // Motivo : 1 // Costo : 0 // Contratista : null //','2017-10-17 15:30:08','Móvil','ososjs'),(269,1,886,0,1,' Departamento : 11 // Municipio : 11001 // Dirección : null // Latitud : 4.1775982 // Longitud : -76.9193457 // Entidad : jdjsjd // Rango de Tiempo : null // Título : ososjs // Motivo : 1 // Costo : 0 // Contratista : null //','2017-10-17 15:30:12','Móvil','ososjs'),(270,1,887,0,1,' Departamento : 11 // Municipio : 11001 // Dirección : null // Latitud : 4.6725654 // Longitud : -74.0637897 // Entidad : pepito // Rango de Tiempo : 3 // Título : obra ejemplo // Motivo : 2 // Costo : 500000000000 // Contratista : fulanito  //','2017-10-17 16:06:57','Móvil','obra ejemplo'),(271,5,827,0,2,' Entidad : jzjzjz // Rango de Tiempo : 4 // Titulo : 1 // Motivo : 3 // Costo : 55 // Contratista :  //','2017-10-17 16:18:04','Móvil','1'),(272,5,827,0,2,' Entidad : jzjzjz // Rango de Tiempo : 4 // Titulo : 1 // Motivo : 3 // Costo : 55 // Contratista :  //','2017-10-17 16:18:04','Móvil','1'),(273,1,888,0,1,' Departamento : 11 // Municipio : 11001 // Dirección : null // Latitud : 4.6726142 // Longitud : -74.0636898 // Entidad : ndndnd // Rango de Tiempo : 3 // Título : jdjdbd // Motivo : 3 // Costo : 0 // Contratista : null //','2017-10-18 11:22:48','Móvil','jdjdbd'),(274,5,887,0,2,' Entidad : pepito // Rango de Tiempo : 3 // Titulo : obra ejemplo // Motivo : 2 // Costo : 500000000000 // Contratista : fulanito  //','2017-10-18 11:25:22','Móvil','obra ejemplo'),(275,5,887,0,2,' Entidad : pepito // Rango de Tiempo : 3 // Titulo : obra ejemplo // Motivo : 2 // Costo : 500000000000 // Contratista : fulanito  //','2017-10-18 11:25:22','Móvil','obra ejemplo'),(276,1,889,0,1,' Departamento : 11 // Municipio : 11001 // Dirección : null // Latitud : 4.672575 // Longitud : -74.0637715 // Entidad : pepito // Rango de Tiempo : null // Título : ejemplo // Motivo : 2 // Costo : 0 // Contratista : null //','2017-10-18 11:58:15','Móvil','ejemplo'),(277,5,889,0,2,' Entidad : pepito // Rango de Tiempo : 0 // Titulo : ejemplo // Motivo : 2 // Costo : 0 // Contratista :  //','2017-10-18 12:02:49','Móvil','ejemplo'),(278,5,889,0,2,' Entidad : pepito // Rango de Tiempo : 0 // Titulo : ejemplo // Motivo : 2 // Costo : 0 // Contratista :  //','2017-10-18 12:02:49','Móvil','ejemplo'),(279,1,890,0,1,' Departamento : 11 // Municipio : 11001 // Dirección : null // Latitud : 4.6725373 // Longitud : -74.0637357 // Entidad : w // Rango de Tiempo : 1 // Título : w // Motivo : 1 // Costo : 0 // Contratista : null //','2017-10-18 12:07:04','Móvil','w'),(280,1,891,0,1,' Departamento : 11 // Municipio : 11001 // Dirección : null // Latitud : 5.059609224540313 // Longitud : -73.97900395095347 // Entidad : jsjs // Rango de Tiempo : null // Título : hshs // Motivo : 1 // Costo : 0 // Contratista : null //','2017-10-18 12:14:14','Móvil','hshs'),(281,1,893,0,1,' Departamento : 11 // Municipio : 11001 // Dirección : null // Latitud : 5.059609224540313 // Longitud : -73.97900395095347 // Entidad : jsjs // Rango de Tiempo : null // Título : pppas // Motivo : 2 // Costo : 0 // Contratista : null //','2017-10-18 12:17:37','Móvil','pppas'),(282,1,894,0,1,' Departamento : 11 // Municipio : 11001 // Dirección : null // Latitud : 5.059609224540313 // Longitud : -73.97900395095347 // Entidad : jsjs // Rango de Tiempo : null // Título : pppas // Motivo : 2 // Costo : 0 // Contratista : null //','2017-10-18 12:17:40','Móvil','pppas'),(283,1,895,0,1,' Departamento : 11 // Municipio : 11001 // Dirección : null // Latitud : 4.6725784 // Longitud : -74.0638275 // Entidad : gjh // Rango de Tiempo : 2 // Título : gh // Motivo : 2 // Costo : 0 // Contratista : null //','2017-10-18 12:37:24','Móvil','gh'),(284,1,896,0,1,' Departamento : 11 // Municipio : 11001 // Dirección : null // Latitud : 4.6727302 // Longitud : -74.0640747 // Entidad : ssss // Rango de Tiempo : 2 // Título : ppp // Motivo : 3 // Costo : 125888 // Contratista : lslslsldld //','2017-10-18 14:48:59','Móvil','ppp'),(285,1,897,0,1,' Departamento : 11 // Municipio : 11001 // Dirección : null // Latitud : 4.6727302 // Longitud : -74.0640747 // Entidad : ssss // Rango de Tiempo : 2 // Título : ppp // Motivo : 3 // Costo : 125888 // Contratista : lslslsldld //','2017-10-18 14:49:18','Móvil','ppp'),(286,1,898,0,1,' Departamento : 11 // Municipio : 11001 // Dirección : null // Latitud : 4.6727302 // Longitud : -74.0640747 // Entidad : ssss // Rango de Tiempo : 2 // Título : ppp // Motivo : 3 // Costo : 125888 // Contratista : lslslsldld //','2017-10-18 14:49:39','Móvil','ppp'),(287,1,899,0,1,' Departamento : 11 // Municipio : 11001 // Dirección : null // Latitud : 4.7406249 // Longitud : -74.0631189 // Entidad : jwjwjw // Rango de Tiempo : 1 // Título : jdjdjwjdnfnd // Motivo : 1 // Costo : 0 // Contratista : null //','2017-10-18 17:11:45','Móvil','jdjdjwjdnfnd'),(288,1,900,0,1,' Departamento : 11 // Municipio : 11001 // Dirección : null // Latitud : 5.05963 // Longitud : -73.9790468 // Entidad : kdkdke // Rango de Tiempo : 1 // Título : jdjduppppp // Motivo : 3 // Costo : 6464 // Contratista : usuw //','2017-10-18 22:17:18','Móvil','jdjduppppp'),(289,1,901,0,1,' Departamento : 11 // Municipio : 11001 // Dirección : null // Latitud : 5.05963 // Longitud : -73.9790468 // Entidad : kdkdke // Rango de Tiempo : 1 // Título : jdjduppppp // Motivo : 3 // Costo : 6464 // Contratista : usuw //','2017-10-18 22:17:22','Móvil','jdjduppppp'),(290,1,902,0,1,' Departamento : 11 // Municipio : 11001 // Dirección : null // Latitud : 5.05963 // Longitud : -73.9790468 // Entidad : kdkdke // Rango de Tiempo : 1 // Título : jdjduppppp // Motivo : 3 // Costo : 6464 // Contratista : usuw //','2017-10-18 22:17:24','Móvil','jdjduppppp'),(291,1,903,0,1,' Departamento : 11 // Municipio : 11001 // Dirección : null // Latitud : 5.05963 // Longitud : -73.9790468 // Entidad : ueueueui // Rango de Tiempo : 3 // Título : 8eeiueu // Motivo : 1 // Costo : 6446 // Contratista : ueue //','2017-10-18 22:19:39','Móvil','8eeiueu'),(292,1,904,0,1,' Departamento : 11 // Municipio : 11001 // Dirección : null // Latitud : 5.05963 // Longitud : -73.9790468 // Entidad : ueueueui // Rango de Tiempo : 3 // Título : 8eeiueu // Motivo : 1 // Costo : 6446 // Contratista : ueue //','2017-10-18 22:19:41','Móvil','8eeiueu'),(293,1,905,0,1,' Departamento : 11 // Municipio : 11001 // Dirección : null // Latitud : 5.05963 // Longitud : -73.9790468 // Entidad : ueueueui // Rango de Tiempo : 3 // Título : 8eeiueu // Motivo : 1 // Costo : 6446 // Contratista : ueue //','2017-10-18 22:19:43','Móvil','8eeiueu'),(294,1,906,0,1,' Departamento : 11 // Municipio : 11001 // Dirección : null // Latitud : 5.05963 // Longitud : -73.9790468 // Entidad : ueueueui // Rango de Tiempo : 3 // Título : 8eeiueu // Motivo : 1 // Costo : 6446 // Contratista : ueue //','2017-10-18 22:19:45','Móvil','8eeiueu'),(295,5,836,0,2,' Entidad : lmfr // Rango de Tiempo : 1 // Titulo : lmfr // Motivo : 1 // Costo : 320000 // Contratista :  //','2017-10-18 23:04:03','Móvil','lmfr'),(296,5,836,0,2,' Entidad : lmfr // Rango de Tiempo : 1 // Titulo : lmfr // Motivo : 1 // Costo : 320000 // Contratista :  //','2017-10-18 23:04:04','Móvil','lmfr'),(297,1,907,0,1,' Departamento : 11 // Municipio : 11001 // Dirección : null // Latitud : 5.0596434 // Longitud : -73.9791311 // Entidad : bvghh // Rango de Tiempo : null // Título : ufff  // Motivo : 2 // Costo : 0 // Contratista : null //','2017-10-18 23:10:55','Móvil','ufff '),(298,1,908,0,1,' Departamento : 11 // Municipio : 11001 // Dirección : null // Latitud : 5.0596434 // Longitud : -73.9791311 // Entidad : bvghh // Rango de Tiempo : null // Título : ufff  // Motivo : 2 // Costo : 0 // Contratista : null //','2017-10-18 23:10:56','Móvil','ufff '),(299,1,909,0,1,' Departamento : 11 // Municipio : 11001 // Dirección : null // Latitud : 5.0596434 // Longitud : -73.9791311 // Entidad : bvghh // Rango de Tiempo : null // Título : ufff  // Motivo : 2 // Costo : 0 // Contratista : null //','2017-10-18 23:10:57','Móvil','ufff '),(300,1,910,0,1,' Departamento : 11 // Municipio : 11001 // Dirección : null // Latitud : 5.0596434 // Longitud : -73.9791311 // Entidad : bbbb // Rango de Tiempo : null // Título : yhh // Motivo : 1 // Costo : 0 // Contratista : null //','2017-10-18 23:12:13','Móvil','yhh'),(301,1,911,0,1,' Departamento : 11 // Municipio : 11001 // Dirección : null // Latitud : 5.0596434 // Longitud : -73.9791311 // Entidad : bbbb // Rango de Tiempo : null // Título : yhh // Motivo : 1 // Costo : 0 // Contratista : null //','2017-10-18 23:12:15','Móvil','yhh'),(302,1,912,0,1,' Departamento : 11 // Municipio : 11001 // Dirección : null // Latitud : 5.0596434 // Longitud : -73.9791311 // Entidad : bbbb // Rango de Tiempo : null // Título : yhh // Motivo : 1 // Costo : 0 // Contratista : null //','2017-10-18 23:12:16','Móvil','yhh'),(303,1,913,0,1,' Departamento : 11 // Municipio : 11001 // Dirección : null // Latitud : 5.0596434 // Longitud : -73.9791311 // Entidad : ijrjrjrjrjr // Rango de Tiempo : null // Título : jejeje // Motivo : 3 // Costo : 0 // Contratista : null //','2017-10-18 23:13:44','Móvil','jejeje'),(304,1,915,0,1,' Departamento : 11 // Municipio : 11001 // Dirección : null // Latitud : 5.0596434 // Longitud : -73.9791311 // Entidad : vvv // Rango de Tiempo : null // Título : yyh // Motivo : 2 // Costo : 0 // Contratista : null //','2017-10-18 23:18:22','Móvil','yyh'),(305,1,916,0,1,' Departamento : 11 // Municipio : 11001 // Dirección : null // Latitud : 5.0596434 // Longitud : -73.9791311 // Entidad : vvv // Rango de Tiempo : null // Título : yyh // Motivo : 2 // Costo : 0 // Contratista : null //','2017-10-18 23:18:23','Móvil','yyh'),(306,1,917,0,1,' Departamento : 11 // Municipio : 11001 // Dirección : null // Latitud : 5.0596434 // Longitud : -73.9791311 // Entidad : vvv // Rango de Tiempo : null // Título : yyh // Motivo : 2 // Costo : 0 // Contratista : null //','2017-10-18 23:18:24','Móvil','yyh'),(307,1,918,0,1,' Departamento : 11 // Municipio : 11001 // Dirección : null // Latitud : 5.0596434 // Longitud : -73.9791311 // Entidad : vvv // Rango de Tiempo : null // Título : yyh // Motivo : 2 // Costo : 0 // Contratista : null //','2017-10-18 23:18:26','Móvil','yyh'),(308,1,919,0,1,' Departamento : 11 // Municipio : 11001 // Dirección : null // Latitud : 5.0596726 // Longitud : -73.9791818 // Entidad : kedkdk // Rango de Tiempo : 3 // Título : tedt123 // Motivo : 2 // Costo : 646 // Contratista : kfkd //','2017-10-18 23:56:30','Móvil','tedt123'),(309,1,920,0,1,' Departamento : 11 // Municipio : 11001 // Dirección : null // Latitud : 5.0596726 // Longitud : -73.9791818 // Entidad : kedkdk // Rango de Tiempo : 3 // Título : tedt123 // Motivo : 2 // Costo : 646 // Contratista : kfkd //','2017-10-18 23:56:33','Móvil','tedt123'),(310,1,921,0,1,' Departamento : 11 // Municipio : 11001 // Dirección : null // Latitud : 5.0595976 // Longitud : -73.9791526 // Entidad : vv // Rango de Tiempo : 2 // Título : yhg // Motivo : 1 // Costo : 888 // Contratista : hhfg //','2017-10-19 00:08:49','Móvil','yhg'),(311,1,923,0,1,' Departamento : 11 // Municipio : 11001 // Dirección : null // Latitud : 4.6726142 // Longitud : -74.0636898 // Entidad : 5 // Rango de Tiempo : 4 // Título : 5 // Motivo : 4 // Costo : 1 // Contratista : e //','2017-10-19 10:10:34','Móvil','5'),(312,1,924,0,1,' Departamento : 11 // Municipio : 11001 // Dirección : null // Latitud : 4.6726413 // Longitud : -74.0637783 // Entidad : gy // Rango de Tiempo : 2 // Título : g // Motivo : 3 // Costo : 235000 // Contratista : fr //','2017-10-19 15:55:23','Móvil','g'),(313,1,925,0,1,' Departamento : 11 // Municipio : 11001 // Dirección : null // Latitud : 4.6726413 // Longitud : -74.0637783 // Entidad : gy // Rango de Tiempo : 2 // Título : g // Motivo : 3 // Costo : 235000 // Contratista : fr //','2017-10-19 15:55:25','Móvil','g'),(314,1,926,0,1,' Departamento : 11 // Municipio : 11001 // Dirección : null // Latitud : 4.6725687 // Longitud : -74.0638081 // Entidad : de // Rango de Tiempo : 4 // Título : o // Motivo : 4 // Costo : 3200000 // Contratista : ms //','2017-10-19 17:16:01','Móvil','o'),(315,1,927,0,1,' Departamento : 11 // Municipio : 11001 // Dirección : null // Latitud : 4.6725634 // Longitud : -74.0638086 // Entidad : 4 // Rango de Tiempo : 4 // Título : da // Motivo : 4 // Costo : 312400 // Contratista : sar //','2017-10-19 17:28:25','Móvil','da'),(316,1,928,0,1,' Departamento : 11 // Municipio : 11001 // Dirección : null // Latitud : 4.6725634 // Longitud : -74.0638086 // Entidad : 4 // Rango de Tiempo : 4 // Título : da // Motivo : 4 // Costo : 312400 // Contratista : sar //','2017-10-19 17:28:27','Móvil','da'),(317,1,929,0,1,' Departamento : 11 // Municipio : 11001 // Dirección : null // Latitud : 4.6725547 // Longitud : -74.0637939 // Entidad : j // Rango de Tiempo : 4 // Título : g // Motivo : 4 // Costo : 32888 // Contratista : g uan //','2017-10-19 18:06:42','Móvil','g'),(318,1,930,0,1,' Departamento : 11 // Municipio : 11001 // Dirección : null // Latitud : 4.672583 // Longitud : -74.0638365 // Entidad : hfhj // Rango de Tiempo : 3 // Título : hujh // Motivo : 3 // Costo : 8655 // Contratista : gjgh //','2017-10-19 18:20:43','Móvil','hujh'),(319,1,931,0,1,' Departamento : 11 // Municipio : 11001 // Dirección : null // Latitud : 4.6725373 // Longitud : -74.0637357 // Entidad : jdjdjdk // Rango de Tiempo : 2 // Título : jdjdjdjd // Motivo : 3 // Costo : 77 // Contratista : ddd //','2017-10-19 19:11:44','Móvil','jdjdjdjd'),(320,5,836,0,2,' Entidad : lmfr // Rango de Tiempo : 1 // Titulo : lmfr // Motivo : 1 // Costo : 33333 // Contratista :  //','2017-10-19 19:17:47','Móvil','lmfr'),(321,5,836,0,2,' Entidad : lmfr // Rango de Tiempo : 1 // Titulo : lmfr // Motivo : 1 // Costo : 33333 // Contratista :  //','2017-10-19 19:17:47','Móvil','lmfr'),(322,5,836,0,2,' Entidad : lmfr // Rango de Tiempo : 1 // Titulo : lmfr // Motivo : 1 // Costo : 555555 // Contratista :  //','2017-10-19 19:23:07','Móvil','lmfr'),(323,5,836,0,2,' Entidad : lmfr // Rango de Tiempo : 1 // Titulo : lmfr // Motivo : 1 // Costo : 555555 // Contratista :  //','2017-10-19 19:23:07','Móvil','lmfr'),(324,5,885,0,2,' Entidad : jdjsjd // Rango de Tiempo : 0 // Titulo : ososjs // Motivo : 1 // Costo : 2555 // Contratista : fffff //','2017-10-19 19:26:45','Móvil','ososjs'),(325,5,885,0,2,' Entidad : jdjsjd // Rango de Tiempo : 0 // Titulo : ososjs // Motivo : 1 // Costo : 2555 // Contratista : fffff //','2017-10-19 19:26:45','Móvil','ososjs'),(326,5,836,0,2,' Entidad : lmfr // Rango de Tiempo : 1 // Titulo : lmfr // Motivo : 1 // Costo : 555555 // Contratista :  //','2017-10-19 19:35:24','Móvil','lmfr'),(327,5,836,0,2,' Entidad : lmfr // Rango de Tiempo : 1 // Titulo : lmfr // Motivo : 1 // Costo : 555555 // Contratista :  //','2017-10-19 19:35:24','Móvil','lmfr'),(328,5,836,0,2,' Entidad : lmfr // Rango de Tiempo : 1 // Titulo : lmfr // Motivo : 1 // Costo : 55555 // Contratista :  //','2017-10-19 19:53:12','Móvil','lmfr'),(329,5,836,0,2,' Entidad : lmfr // Rango de Tiempo : 1 // Titulo : lmfr // Motivo : 1 // Costo : 55555 // Contratista :  //','2017-10-19 19:53:12','Móvil','lmfr'),(330,1,932,0,1,' Departamento : 11 // Municipio : 11001 // Dirección : null // Latitud : 4.6725568 // Longitud : -74.0637357 // Entidad : fjyghj // Rango de Tiempo : 2 // Título : ugjjhgg // Motivo : 2 // Costo : 85258 // Contratista : vyjhgg //','2017-10-19 20:00:23','Móvil','ugjjhgg'),(331,1,933,0,1,' Departamento : 11 // Municipio : 11001 // Dirección : null // Latitud : 4.6725568 // Longitud : -74.0637357 // Entidad : fjyghj // Rango de Tiempo : 2 // Título : ugjjhgg // Motivo : 2 // Costo : 85258 // Contratista : vyjhgg //','2017-10-19 20:00:24','Móvil','ugjjhgg'),(332,1,934,0,1,' Departamento : 11 // Municipio : 11001 // Dirección : null // Latitud : 4.6725568 // Longitud : -74.0637357 // Entidad : fjyghj // Rango de Tiempo : 2 // Título : ugjjhgg // Motivo : 2 // Costo : 85258 // Contratista : vyjhgg //','2017-10-19 20:00:25','Móvil','ugjjhgg'),(333,5,836,0,2,' Entidad : lmfr // Rango de Tiempo : 1 // Titulo : lmfr // Motivo : 1 // Costo : 64646 // Contratista :  //','2017-10-19 20:01:10','Móvil','lmfr'),(334,5,836,0,2,' Entidad : lmfr // Rango de Tiempo : 1 // Titulo : lmfr // Motivo : 1 // Costo : 64646 // Contratista :  //','2017-10-19 20:01:10','Móvil','lmfr'),(335,1,935,0,1,' Departamento : 11 // Municipio : 11001 // Dirección : null // Latitud : 4.6725373 // Longitud : -74.0637357 // Entidad : jsjsjs // Rango de Tiempo : 1 // Título : jsjspppkejehsbdbd // Motivo : 2 // Costo : 54 // Contratista : jw //','2017-10-19 20:01:46','Móvil','jsjspppkejehsbdbd'),(336,1,936,0,1,' Departamento : 11 // Municipio : 11001 // Dirección : null // Latitud : 4.6725373 // Longitud : -74.0637357 // Entidad : jsjsjs // Rango de Tiempo : 1 // Título : jsjspppkejehsbdbd // Motivo : 2 // Costo : 54 // Contratista : jw //','2017-10-19 20:01:48','Móvil','jsjspppkejehsbdbd'),(337,1,937,0,1,' Departamento : 11 // Municipio : 11001 // Dirección : null // Latitud : 4.6725373 // Longitud : -74.0637357 // Entidad : jsjsjs // Rango de Tiempo : 1 // Título : jsjspppkejehsbdbd // Motivo : 2 // Costo : 54 // Contratista : jw //','2017-10-19 20:01:48','Móvil','jsjspppkejehsbdbd'),(338,1,938,0,1,' Departamento : 11 // Municipio : 11001 // Dirección : null // Latitud : 4.6725373 // Longitud : -74.0637357 // Entidad : jfjfjfkf // Rango de Tiempo : null // Título : jeufur // Motivo : 3 // Costo : 0 // Contratista : null //','2017-10-19 20:02:58','Móvil','jeufur'),(339,1,940,0,1,' Departamento : 25 // Municipio : 25200 // Dirección : Direccion // Latitud : 5.0596016 // Longitud : -73.9791577 // Entidad : posible entidad // Rango de Tiempo : 1 // Título : REGISTRO // Motivo : 1 // Costo : 123456789 // Contratista : admin //','2017-10-19 20:03:53','Móvil','REGISTRO'),(340,1,941,0,1,' Departamento : 11 // Municipio : 11001 // Dirección : null // Latitud : 4.6725568 // Longitud : -74.0637357 // Entidad : jdjdhdhd // Rango de Tiempo : null // Título : ydudjd // Motivo : 3 // Costo : 0 // Contratista : null //','2017-10-19 20:04:15','Móvil','ydudjd'),(341,1,942,0,1,' Departamento : 11 // Municipio : 11001 // Dirección : null // Latitud : 4.6725568 // Longitud : -74.0637357 // Entidad : jdjdhdhd // Rango de Tiempo : null // Título : ydudjd // Motivo : 3 // Costo : 0 // Contratista : null //','2017-10-19 20:04:17','Móvil','ydudjd'),(342,1,943,0,1,' Departamento : 11 // Municipio : 11001 // Dirección : null // Latitud : 4.6725568 // Longitud : -74.0637357 // Entidad : jdjdhdhd // Rango de Tiempo : null // Título : ydudjd // Motivo : 3 // Costo : 0 // Contratista : null //','2017-10-19 20:04:18','Móvil','ydudjd'),(343,1,944,0,1,' Departamento : 11 // Municipio : 11001 // Dirección : null // Latitud : 4.6725559 // Longitud : -74.0637661 // Entidad : jsjsjs // Rango de Tiempo : 3 // Título : pruebawer // Motivo : 1 // Costo : 6464 // Contratista : null //','2017-10-19 20:04:28','Móvil','pruebawer'),(344,1,945,0,1,' Departamento : 11 // Municipio : 11001 // Dirección : null // Latitud : 4.6725559 // Longitud : -74.0637661 // Entidad : jsjsjs // Rango de Tiempo : 3 // Título : pruebawer // Motivo : 1 // Costo : 6464 // Contratista : null //','2017-10-19 20:04:30','Móvil','pruebawer'),(345,1,946,0,1,' Departamento : 11 // Municipio : 11001 // Dirección : null // Latitud : 4.6725559 // Longitud : -74.0637661 // Entidad : jsjsjs // Rango de Tiempo : 3 // Título : pruebawer // Motivo : 1 // Costo : 6464 // Contratista : null //','2017-10-19 20:04:31','Móvil','pruebawer'),(346,1,948,0,1,' Departamento : 11 // Municipio : 11001 // Dirección : null // Latitud : 4.6726142 // Longitud : -74.0636898 // Entidad : nnnnnnnnnnnnnn // Rango de Tiempo : 3 // Título : mmmmmmmmmmm // Motivo : 3 // Costo : 8888 // Contratista : hhhhh //','2017-10-19 20:05:54','Móvil','mmmmmmmmmmm'),(347,1,949,0,1,' Departamento : 11 // Municipio : 11001 // Dirección : null // Latitud : 4.6726142 // Longitud : -74.0636898 // Entidad : nnnnnnnnnnnnnn // Rango de Tiempo : 3 // Título : mmmmmmmmmmm // Motivo : 3 // Costo : 8888 // Contratista : hhhhh //','2017-10-19 20:05:55','Móvil','mmmmmmmmmmm'),(348,1,950,0,1,' Departamento : 11 // Municipio : 11001 // Dirección : null // Latitud : 4.6726142 // Longitud : -74.0636898 // Entidad : nnnnnnnnnnnnnn // Rango de Tiempo : 3 // Título : mmmmmmmmmmm // Motivo : 3 // Costo : 8888 // Contratista : hhhhh //','2017-10-19 20:05:56','Móvil','mmmmmmmmmmm'),(349,1,951,0,1,' Departamento : 25 // Municipio : 25200 // Dirección : Direccion // Latitud : 5.0596016 // Longitud : -73.9791577 // Entidad : posible entidad // Rango de Tiempo : 1 // Título : REGISTRO // Motivo : 1 // Costo : 123456789 // Contratista : admin //','2017-10-19 20:06:06','Móvil','REGISTRO'),(350,1,952,0,1,' Departamento : 11 // Municipio : 11001 // Dirección : null // Latitud : 4.6726142 // Longitud : -74.0636898 // Entidad : jsjs // Rango de Tiempo : null // Título : jdjdlllllll // Motivo : 2 // Costo : 0 // Contratista : null //','2017-10-19 20:14:55','Móvil','jdjdlllllll'),(351,1,953,0,1,' Departamento : 11 // Municipio : 11001 // Dirección : null // Latitud : 4.6725526 // Longitud : -74.0639949 // Entidad : jdjdjsjsis // Rango de Tiempo : 2 // Título : jdjdjsj // Motivo : 3 // Costo : 575757 // Contratista : hdhdjdjs //','2017-10-19 20:24:15','Móvil','jdjdjsj'),(352,5,953,0,2,' Entidad : jdjdjsjsis // Rango de Tiempo : 2 // Titulo : jdjdjsj // Motivo : 2 // Costo : 575757 // Contratista : hdhdjdjs //','2017-10-19 20:24:27','Móvil','jdjdjsj'),(353,5,953,0,2,' Entidad : jdjdjsjsis // Rango de Tiempo : 2 // Titulo : jdjdjsj // Motivo : 2 // Costo : 575757 // Contratista : hdhdjdjs //','2017-10-19 20:24:27','Móvil','jdjdjsj'),(354,1,954,0,1,' Departamento : 11 // Municipio : 11001 // Dirección : null // Latitud : 4.6725279 // Longitud : -74.0641717 // Entidad : idkdkdkd // Rango de Tiempo : 2 // Título : jdjdjdkd // Motivo : 2 // Costo : 0 // Contratista : null //','2017-10-19 20:24:51','Móvil','jdjdjdkd'),(355,5,954,0,2,' Entidad : idkdkdkd // Rango de Tiempo : 2 // Titulo : jdjdjdkd // Motivo : 3 // Costo : 0 // Contratista :  //','2017-10-19 20:25:08','Móvil','jdjdjdkd'),(356,5,954,0,2,' Entidad : idkdkdkd // Rango de Tiempo : 2 // Titulo : jdjdjdkd // Motivo : 3 // Costo : 0 // Contratista :  //','2017-10-19 20:25:08','Móvil','jdjdjdkd'),(357,5,829,0,2,' Entidad : kskdkz // Rango de Tiempo : 2 // Titulo : 3 // Motivo : 2 // Costo : 646446 // Contratista :  //','2017-10-19 20:25:39','Móvil','3'),(358,5,829,0,2,' Entidad : kskdkz // Rango de Tiempo : 2 // Titulo : 3 // Motivo : 2 // Costo : 646446 // Contratista :  //','2017-10-19 20:25:39','Móvil','3'),(359,5,849,0,2,' Entidad : usi // Rango de Tiempo : 0 // Titulo : skdjdj // Motivo : 3 // Costo : 0 // Contratista :  //','2017-10-19 20:26:56','Móvil','skdjdj'),(360,5,849,0,2,' Entidad : usi // Rango de Tiempo : 0 // Titulo : skdjdj // Motivo : 3 // Costo : 0 // Contratista :  //','2017-10-19 20:26:56','Móvil','skdjdj'),(361,1,955,0,1,' Departamento : 11 // Municipio : 11001 // Dirección : null // Latitud : 4.6702968 // Longitud : -74.062508 // Entidad : prueba // Rango de Tiempo : 2 // Título : prueba servi // Motivo : 4 // Costo : 111111111 // Contratista : prueba //','2017-10-20 08:11:00','Móvil','prueba servi'),(362,5,955,0,2,' Entidad : prueba // Rango de Tiempo : 2 // Titulo : prueba servi // Motivo : 4 // Costo : 111111111 // Contratista : prueba //','2017-10-20 08:12:31','Móvil','prueba servi'),(363,5,955,0,2,' Entidad : prueba // Rango de Tiempo : 2 // Titulo : prueba servi // Motivo : 4 // Costo : 111111111 // Contratista : prueba //','2017-10-20 08:12:31','Móvil','prueba servi'),(364,5,827,0,2,' Entidad : jzjzjz // Rango de Tiempo : 4 // Titulo : 1 // Motivo : 3 // Costo : 55 // Contratista :  //','2017-10-20 08:26:43','Móvil','1'),(365,5,827,0,2,' Entidad : jzjzjz // Rango de Tiempo : 4 // Titulo : 1 // Motivo : 3 // Costo : 55 // Contratista :  //','2017-10-20 08:26:43','Móvil','1'),(366,5,885,0,2,' Entidad : jdjsjd // Rango de Tiempo : 0 // Titulo : ososjs // Motivo : 1 // Costo : 2555 // Contratista :  //','2017-10-20 08:26:56','Móvil','ososjs'),(367,5,885,0,2,' Entidad : jdjsjd // Rango de Tiempo : 0 // Titulo : ososjs // Motivo : 1 // Costo : 2555 // Contratista :  //','2017-10-20 08:26:56','Móvil','ososjs'),(368,1,956,0,1,' Departamento : 11 // Municipio : 11001 // Dirección : null // Latitud : 4.6725771 // Longitud : -74.0638932 // Entidad : 1234abc // Rango de Tiempo : 2 // Título : prueba123 // Motivo : 2 // Costo : 5000000 // Contratista : null //','2017-10-20 08:49:44','Móvil','prueba123'),(369,5,956,0,2,' Entidad : 1234abc // Rango de Tiempo : 2 // Titulo : prueba123 // Motivo : 2 // Costo : 5000000 // Contratista : poiuyt //','2017-10-20 08:52:47','Móvil','prueba123'),(370,5,956,0,2,' Entidad : 1234abc // Rango de Tiempo : 2 // Titulo : prueba123 // Motivo : 2 // Costo : 5000000 // Contratista : poiuyt //','2017-10-20 08:52:47','Móvil','prueba123'),(371,5,919,0,2,' Entidad : kedkdk // Rango de Tiempo : 4 // Titulo : eje // Motivo : 2 // Costo : 646 // Contratista :  //','2017-10-20 09:01:19','Móvil','eje'),(372,5,919,0,2,' Entidad : kedkdk // Rango de Tiempo : 4 // Titulo : eje // Motivo : 2 // Costo : 646 // Contratista :  //','2017-10-20 09:01:20','Móvil','eje'),(373,1,957,0,1,' Departamento : 11 // Municipio : 11001 // Dirección : null // Latitud : 4.6725373 // Longitud : -74.0637357 // Entidad : a // Rango de Tiempo : 4 // Título : c // Motivo : 4 // Costo : 0 // Contratista : null //','2017-10-20 09:03:17','Móvil','c'),(374,5,957,0,2,' Entidad : a // Rango de Tiempo : 4 // Titulo : c // Motivo : 4 // Costo : 0 // Contratista :  //','2017-10-20 09:03:48','Móvil','c'),(375,5,957,0,2,' Entidad : a // Rango de Tiempo : 4 // Titulo : c // Motivo : 4 // Costo : 0 // Contratista :  //','2017-10-20 09:03:48','Móvil','c'),(376,5,957,0,2,' Entidad : a // Rango de Tiempo : 4 // Titulo : c // Motivo : 4 // Costo : 0 // Contratista :  //','2017-10-20 09:06:15','Móvil','c'),(377,5,957,0,2,' Entidad : a // Rango de Tiempo : 4 // Titulo : c // Motivo : 4 // Costo : 0 // Contratista :  //','2017-10-20 09:06:15','Móvil','c'),(378,5,849,0,2,' Entidad : usi // Rango de Tiempo : 0 // Titulo : skdjdj // Motivo : 3 // Costo : 0 // Contratista :  //','2017-10-20 09:14:47','Móvil','skdjdj'),(379,5,849,0,2,' Entidad : usi // Rango de Tiempo : 0 // Titulo : skdjdj // Motivo : 3 // Costo : 0 // Contratista :  //','2017-10-20 09:14:48','Móvil','skdjdj'),(380,1,958,0,1,' Departamento : 11 // Municipio : 11001 // Dirección : null // Latitud : 4.6725944 // Longitud : -74.0638769 // Entidad : mintic // Rango de Tiempo : 1 // Título : prueba // Motivo : 1 // Costo : 10000 // Contratista : prueba //','2017-10-20 09:26:18','Móvil','prueba'),(381,1,959,0,1,' Departamento : 11 // Municipio : 11001 // Dirección : null // Latitud : 4.6725802 // Longitud : -74.0638784 // Entidad : mintic // Rango de Tiempo : 2 // Título : disque trabajando // Motivo : 2 // Costo : 300000 // Contratista : ateo //','2017-10-20 09:32:34','Móvil','disque trabajando'),(382,5,842,0,2,' Entidad : lmfr // Rango de Tiempo : 0 // Titulo : enlmfr // Motivo : 1 // Costo : 0 // Contratista :  //','2017-10-20 09:51:26','Móvil','enlmfr'),(383,5,842,0,2,' Entidad : lmfr // Rango de Tiempo : 0 // Titulo : enlmfr // Motivo : 1 // Costo : 0 // Contratista :  //','2017-10-20 09:51:27','Móvil','enlmfr'),(384,5,827,0,2,' Entidad : freb // Rango de Tiempo : 4 // Titulo : 1 // Motivo : 3 // Costo : 55 // Contratista :  //','2017-10-20 09:55:54','Móvil','1'),(385,5,827,0,2,' Entidad : freb // Rango de Tiempo : 4 // Titulo : 1 // Motivo : 3 // Costo : 55 // Contratista :  //','2017-10-20 09:55:54','Móvil','1'),(386,1,960,0,1,' Departamento : 11 // Municipio : 11001 // Dirección : null // Latitud : 4.6725334 // Longitud : -74.0637441 // Entidad : fernd // Rango de Tiempo : 3 // Título : ejemplo // Motivo : 4 // Costo : 320000 // Contratista : fernd //','2017-10-20 10:13:25','Móvil','ejemplo'),(387,5,836,0,2,' Entidad : lmfr // Rango de Tiempo : 1 // Titulo : lmfr // Motivo : 1 // Costo : 64646 // Contratista :  //','2017-10-20 10:33:44','Móvil','lmfr'),(388,5,836,0,2,' Entidad : lmfr // Rango de Tiempo : 1 // Titulo : lmfr // Motivo : 1 // Costo : 64646 // Contratista :  //','2017-10-20 10:33:44','Móvil','lmfr'),(389,5,957,0,2,' Entidad : diego // Rango de Tiempo : 2 // Titulo : capilla fer // Motivo : 3 // Costo : 325000 // Contratista : gracias //','2017-10-20 10:52:57','Móvil','capilla fer'),(390,5,957,0,2,' Entidad : diego // Rango de Tiempo : 2 // Titulo : capilla fer // Motivo : 3 // Costo : 325000 // Contratista : gracias //','2017-10-20 10:52:58','Móvil','capilla fer'),(391,5,957,0,2,' Entidad : diego // Rango de Tiempo : 2 // Titulo : capilla fer // Motivo : 3 // Costo : 325000 // Contratista : gracias //','2017-10-20 11:11:57','Móvil','capilla fer'),(392,5,957,0,2,' Entidad : diego // Rango de Tiempo : 2 // Titulo : capilla fer // Motivo : 3 // Costo : 325000 // Contratista : gracias //','2017-10-20 11:11:57','Móvil','capilla fer'),(393,5,836,0,2,' Entidad : lmfr // Rango de Tiempo : 1 // Titulo : lmfr // Motivo : 1 // Costo : 64646 // Contratista :  //','2017-10-20 12:03:35','Móvil','lmfr'),(394,5,836,0,2,' Entidad : lmfr // Rango de Tiempo : 1 // Titulo : lmfr // Motivo : 1 // Costo : 64646 // Contratista :  //','2017-10-20 12:03:35','Móvil','lmfr'),(395,5,957,0,2,' Entidad : diego // Rango de Tiempo : 2 // Titulo : capilla fer // Motivo : 3 // Costo : 325000 // Contratista : gracias //','2017-10-20 14:01:33','Móvil','capilla fer'),(396,5,957,0,2,' Entidad : diego // Rango de Tiempo : 2 // Titulo : capilla fer // Motivo : 3 // Costo : 325000 // Contratista : gracias //','2017-10-20 14:01:33','Móvil','capilla fer'),(397,5,837,0,2,' Entidad : andre // Rango de Tiempo : 3 // Titulo : enadre // Motivo : 3 // Costo : 0 // Contratista :  //','2017-10-20 14:05:45','Móvil','enadre'),(398,5,837,0,2,' Entidad : andre // Rango de Tiempo : 3 // Titulo : enadre // Motivo : 3 // Costo : 0 // Contratista :  //','2017-10-20 14:05:45','Móvil','enadre'),(399,5,849,0,2,' Entidad : cmp // Rango de Tiempo : 3 // Titulo : yclp // Motivo : 3 // Costo : 152000 // Contratista : gr //','2017-10-20 14:19:37','Móvil','yclp'),(400,5,849,0,2,' Entidad : cmp // Rango de Tiempo : 3 // Titulo : yclp // Motivo : 3 // Costo : 152000 // Contratista : gr //','2017-10-20 14:19:37','Móvil','yclp'),(401,5,849,0,2,' Entidad : cmp // Rango de Tiempo : 3 // Titulo : yclp // Motivo : 3 // Costo : 152000 // Contratista :  //','2017-10-20 14:23:51','Móvil','yclp'),(402,5,849,0,2,' Entidad : cmp // Rango de Tiempo : 3 // Titulo : yclp // Motivo : 3 // Costo : 152000 // Contratista :  //','2017-10-20 14:23:51','Móvil','yclp'),(403,1,961,0,1,' Departamento : 11 // Municipio : 11001 // Dirección : null // Latitud : 4.672534 // Longitud : -74.0637361 // Entidad : h // Rango de Tiempo : 3 // Título : j // Motivo : 3 // Costo : 25 // Contratista : re //','2017-10-23 10:24:15','Móvil','j'),(404,1,962,0,1,' Departamento : 11 // Municipio : 11001 // Dirección : null // Latitud : 4.672534 // Longitud : -74.0637361 // Entidad : h // Rango de Tiempo : 3 // Título : j // Motivo : 3 // Costo : 25 // Contratista : re //','2017-10-23 10:24:16','Móvil','j'),(405,5,836,0,2,' Entidad : lmfr // Rango de Tiempo : 1 // Titulo : lmfr // Motivo : 2 // Costo : 64646 // Contratista :  //','2017-10-23 10:48:24','Móvil','lmfr'),(406,5,836,0,2,' Entidad : lmfr // Rango de Tiempo : 1 // Titulo : lmfr // Motivo : 2 // Costo : 64646 // Contratista :  //','2017-10-23 10:48:24','Móvil','lmfr'),(407,5,849,0,2,' Entidad : cmp // Rango de Tiempo : 2 // Titulo : yclp // Motivo : 3 // Costo : 152000 // Contratista : gtt //','2017-10-23 10:49:33','Móvil','yclp'),(408,5,849,0,2,' Entidad : cmp // Rango de Tiempo : 2 // Titulo : yclp // Motivo : 3 // Costo : 152000 // Contratista : gtt //','2017-10-23 10:49:34','Móvil','yclp'),(409,5,844,0,2,' Entidad : lmfr // Rango de Tiempo : 3 // Titulo : lmfr // Motivo : 1 // Costo : 25000 // Contratista : erf //','2017-10-23 10:58:42','Móvil','lmfr'),(410,5,844,0,2,' Entidad : lmfr // Rango de Tiempo : 3 // Titulo : lmfr // Motivo : 1 // Costo : 25000 // Contratista : erf //','2017-10-23 10:58:43','Móvil','lmfr'),(411,5,844,0,2,' Entidad : lmfr // Rango de Tiempo : 3 // Titulo : yclo // Motivo : 1 // Costo : 25000 // Contratista :  //','2017-10-23 10:59:33','Móvil','yclo'),(412,5,844,0,2,' Entidad : lmfr // Rango de Tiempo : 3 // Titulo : yclo // Motivo : 1 // Costo : 25000 // Contratista :  //','2017-10-23 10:59:33','Móvil','yclo'),(413,5,844,0,2,' Entidad : lmfr // Rango de Tiempo : 4 // Titulo : yclo // Motivo : 3 // Costo : 25600 // Contratista : fed //','2017-10-23 11:00:07','Móvil','yclo'),(414,5,844,0,2,' Entidad : lmfr // Rango de Tiempo : 4 // Titulo : yclo // Motivo : 3 // Costo : 25600 // Contratista : fed //','2017-10-23 11:00:07','Móvil','yclo'),(415,5,844,0,2,' Entidad : lmfr // Rango de Tiempo : 4 // Titulo : yclo // Motivo : 3 // Costo : 25600 // Contratista :  //','2017-10-23 11:08:01','Móvil','yclo'),(416,5,844,0,2,' Entidad : lmfr // Rango de Tiempo : 4 // Titulo : yclo // Motivo : 3 // Costo : 25600 // Contratista :  //','2017-10-23 11:08:01','Móvil','yclo'),(417,5,957,0,2,' Entidad : diego // Rango de Tiempo : 2 // Titulo : capilla fer // Motivo : 3 // Costo : 325000 // Contratista : gracias //','2017-10-23 11:36:50','Móvil','capilla fer'),(418,5,957,0,2,' Entidad : diego // Rango de Tiempo : 2 // Titulo : capilla fer // Motivo : 3 // Costo : 325000 // Contratista : gracias //','2017-10-23 11:36:50','Móvil','capilla fer'),(419,5,957,0,2,' Entidad : fueg // Rango de Tiempo : 2 // Titulo : capilla fer // Motivo : 3 // Costo : 325000 // Contratista : gracias //','2017-10-23 11:41:35','Móvil','capilla fer'),(420,5,957,0,2,' Entidad : fueg // Rango de Tiempo : 2 // Titulo : capilla fer // Motivo : 3 // Costo : 325000 // Contratista : gracias //','2017-10-23 11:41:35','Móvil','capilla fer'),(421,5,829,0,2,' Entidad : kskdkz // Rango de Tiempo : 2 // Titulo : 3 // Motivo : 2 // Costo : 25000 // Contratista : d //','2017-10-23 11:44:09','Móvil','3'),(422,5,829,0,2,' Entidad : kskdkz // Rango de Tiempo : 2 // Titulo : 3 // Motivo : 2 // Costo : 25000 // Contratista : d //','2017-10-23 11:44:09','Móvil','3'),(423,5,844,0,2,' Entidad : lmfr // Rango de Tiempo : 2 // Titulo : yclo // Motivo : 3 // Costo : 0 // Contratista : ferb //','2017-10-23 12:18:33','Móvil','yclo'),(424,5,844,0,2,' Entidad : lmfr // Rango de Tiempo : 2 // Titulo : yclo // Motivo : 3 // Costo : 0 // Contratista : ferb //','2017-10-23 12:18:33','Móvil','yclo'),(425,5,827,0,2,' Entidad : freb // Rango de Tiempo : 4 // Titulo : 1 // Motivo : 3 // Costo : 55 // Contratista :  //','2017-10-23 12:21:35','Móvil','1'),(426,5,827,0,2,' Entidad : freb // Rango de Tiempo : 4 // Titulo : 1 // Motivo : 3 // Costo : 55 // Contratista :  //','2017-10-23 12:21:35','Móvil','1'),(427,5,827,0,2,' Entidad : freb // Rango de Tiempo : 4 // Titulo : 1 // Motivo : 3 // Costo : 55 // Contratista :  //','2017-10-23 12:28:38','Móvil','1'),(428,5,827,0,2,' Entidad : freb // Rango de Tiempo : 4 // Titulo : 1 // Motivo : 3 // Costo : 55 // Contratista :  //','2017-10-23 12:28:38','Móvil','1'),(429,5,960,0,2,' Entidad : fernd // Rango de Tiempo : 4 // Titulo : ejemplo // Motivo : 3 // Costo : 320000 // Contratista : fernd //','2017-10-23 12:34:04','Móvil','ejemplo'),(430,5,960,0,2,' Entidad : fernd // Rango de Tiempo : 4 // Titulo : ejemplo // Motivo : 3 // Costo : 320000 // Contratista : fernd //','2017-10-23 12:34:04','Móvil','ejemplo'),(431,5,844,0,2,' Entidad : lmfr // Rango de Tiempo : 2 // Titulo : yclo // Motivo : 3 // Costo : 255000 // Contratista : buenas //','2017-10-24 12:14:03','Móvil','yclo'),(432,5,844,0,2,' Entidad : lmfr // Rango de Tiempo : 2 // Titulo : yclo // Motivo : 3 // Costo : 255000 // Contratista : buenas //','2017-10-24 12:14:03','Móvil','yclo'),(433,1,963,0,1,' Departamento : 11 // Municipio : 11001 // Dirección : null // Latitud : 4.6763111 // Longitud : -74.0491409 // Entidad : asesoftware // Rango de Tiempo : 1 // Título :   sesoftware  // Motivo : 2 // Costo : 1000000 // Contratista : sesoftware  //','2017-11-01 14:40:48','Móvil','  sesoftware '),(434,1,964,0,1,' Departamento : 11 // Municipio : 11001 // Dirección : null // Latitud : 4.6762016 // Longitud : -74.0491138 // Entidad :  sesoftware  // Rango de Tiempo : 1 // Título : elefante fosfec  // Motivo : 1 // Costo : 0 // Contratista : null //','2017-11-09 15:02:48','Móvil','elefante fosfec '),(435,1,965,0,1,' Departamento : 11 // Municipio : 11001 // Dirección : null // Latitud : 4.6762752 // Longitud : -74.0491291 // Entidad : harry // Rango de Tiempo : 1 // Título : prueba // Motivo : 1 // Costo : 20000000 // Contratista : arrr //','2017-11-10 16:32:12','Móvil','prueba'),(436,5,844,0,2,' Entidad : volvías // Rango de Tiempo : 2 // Titulo : Prueba // Motivo : 3 // Costo : 255000 // Contratista : buenas //','2017-11-15 12:31:05','Móvil','Prueba'),(437,5,844,0,2,' Entidad : volvías // Rango de Tiempo : 1 // Titulo : Prueba // Motivo : 3 // Costo : 255000 // Contratista : uenas //','2017-11-15 12:32:28','Móvil','Prueba'),(438,5,844,0,2,' Entidad : volvías // Rango de Tiempo : 1 // Titulo : Prueba // Motivo : 3 // Costo : 255000 // Contratista : uenas //','2017-11-15 12:32:29','Móvil','Prueba'),(439,5,829,0,2,' Entidad : kskdkz // Rango de Tiempo : 2 // Titulo : 3 // Motivo : 2 // Costo : 25000 // Contratista :  //','2017-11-16 12:18:47','Móvil','3'),(440,5,829,0,2,' Entidad : kskdkz // Rango de Tiempo : 2 // Titulo : 3 // Motivo : 2 // Costo : 25000 // Contratista :  //','2017-11-16 12:18:48','Móvil','3'),(441,1,966,0,1,' Departamento : 11 // Municipio : 11001 // Dirección : null // Latitud : 4.6763194 // Longitud : -74.0488912 // Entidad : Responsable // Rango de Tiempo : 1 // Título : Título  // Motivo : 1 // Costo : 200000 // Contratista : Aguas 2000 //','2017-11-20 09:59:20','Móvil','Título '),(442,1,967,0,1,' Departamento : 11 // Municipio : 11001 // Dirección : null // Latitud : 4.6762928 // Longitud : -74.0491329 // Entidad : Responsable 1 // Rango de Tiempo : 3 // Título : Título 1 // Motivo : 1 // Costo : 500000000 // Contratista : Contratista  //','2017-11-20 10:12:20','Móvil','Título 1'),(443,1,968,0,1,' Departamento : 11 // Municipio : 11001 // Dirección : null // Latitud : 4.676327 // Longitud : -74.048988 // Entidad : Responsable // Rango de Tiempo : 2 // Título : Título // Motivo : 2 // Costo : 2000 // Contratista : Contratistas //','2017-11-20 10:27:42','Móvil','Título'),(444,5,968,0,2,' Entidad : Responsable // Rango de Tiempo : 4 // Titulo : Título // Motivo : 2 // Costo : 2000 // Contratista : Contratistas //','2017-11-20 12:13:29','Móvil','Título'),(445,5,968,0,2,' Entidad : Responsable // Rango de Tiempo : 4 // Titulo : Título // Motivo : 2 // Costo : 20000000 // Contratista : Contratistas //','2017-11-20 12:13:52','Móvil','Título'),(446,5,968,0,2,' Entidad : Responsable // Rango de Tiempo : 4 // Titulo : Título // Motivo : 2 // Costo : 20000000 // Contratista : Contratistas 1 //','2017-11-20 12:14:16','Móvil','Título'),(447,5,844,0,2,' Entidad : volvías // Rango de Tiempo : 1 // Titulo : Prueba // Motivo : 3 // Costo : 255000 // Contratista : contratistas //','2017-11-20 12:15:14','Móvil','Prueba'),(448,5,968,0,2,' Entidad : Responsable // Rango de Tiempo : 4 // Titulo : Título // Motivo : 2 // Costo : 20000000 // Contratista : Contratistas 1 //','2017-11-20 15:05:35','Móvil','Título'),(449,5,968,0,2,' Entidad : Responsable // Rango de Tiempo : 4 // Titulo : Título // Motivo : 2 // Costo : 20000000 // Contratista : Contratistas 1 //','2017-11-20 15:05:40','Móvil','Título'),(450,5,968,0,2,' Entidad : Responsable // Rango de Tiempo : 3 // Titulo : Título // Motivo : 2 // Costo : 20000000 // Contratista : Contratistas 1 //','2017-11-20 15:05:55','Móvil','Título'),(451,5,968,0,2,' Entidad : Responsable // Rango de Tiempo : 3 // Titulo : Título // Motivo : 2 // Costo : 20000000 // Contratista : Contratistas 1 //','2017-11-20 15:06:13','Móvil','Título'),(452,5,968,0,2,' Entidad : Responsable // Rango de Tiempo : 3 // Titulo : Título // Motivo : 2 // Costo : 20000000 // Contratista : Contratistas 1 //','2017-11-20 15:07:40','Móvil','Título'),(453,5,968,0,2,' Entidad : Responsable // Rango de Tiempo : 3 // Titulo : Título // Motivo : 2 // Costo : 20000000 // Contratista : Contratistas 1 //','2017-11-20 15:09:53','Móvil','Título'),(454,5,968,0,2,' Entidad : Responsable // Rango de Tiempo : 3 // Titulo : Título // Motivo : 2 // Costo : 20000000 // Contratista : Contratistas 1 //','2017-11-20 15:10:16','Móvil','Título'),(455,5,827,0,2,' Entidad : freb // Rango de Tiempo : 4 // Titulo : 1 // Motivo : 3 // Costo : 2000000 // Contratista : hayyyy //','2017-11-20 15:27:14','Móvil','1'),(456,5,844,0,2,' Entidad : volvías // Rango de Tiempo : 1 // Titulo : Prueba // Motivo : 3 // Costo : 2000000 // Contratista : harry //','2017-11-20 15:27:40','Móvil','Prueba'),(457,5,844,0,2,' Entidad : volvías // Rango de Tiempo : 1 // Titulo : Prueba // Motivo : 3 // Costo : 200000 // Contratista : harry jurídico //','2017-11-20 15:28:32','Móvil','Prueba'),(458,5,844,0,2,' Entidad : volvías // Rango de Tiempo : 1 // Titulo : Prueba // Motivo : 3 // Costo : 20000 // Contratista : invitad //','2017-11-20 16:26:40','Móvil','Prueba'),(459,5,844,0,2,' Entidad : Invias // Rango de Tiempo : 1 // Titulo : Reporte 1 // Motivo : 3 // Costo : 200000 // Contratista : Duarte //','2017-11-20 16:27:57','Móvil','Reporte 1'),(460,5,844,0,2,' Entidad : Invias // Rango de Tiempo : 1 // Titulo : Reporte 1 // Motivo : 1 // Costo : 2000 // Contratista :  coco tra //','2017-11-20 16:41:34','Móvil','Reporte 1'),(461,5,844,0,2,' Entidad : Invias // Rango de Tiempo : 1 // Titulo : Reporte 1 // Motivo : 1 // Costo : 2000 // Contratista :  coco tra //','2017-11-20 16:41:34','Móvil','Reporte 1'),(462,5,844,0,2,' Entidad : n vas 2 // Rango de Tiempo : 1 // Titulo : Reporte 1 // Motivo : 3 // Costo : 2000 // Contratista :  //','2017-11-20 16:41:58','Móvil','Reporte 1'),(463,5,844,0,2,' Entidad : n vas 2 // Rango de Tiempo : 1 // Titulo : Reporte 1 // Motivo : 3 // Costo : 2000 // Contratista :  //','2017-11-20 16:41:58','Móvil','Reporte 1'),(464,1,969,0,1,' Departamento : 11 // Municipio : 11001 // Dirección : null // Latitud : 4.668023 // Longitud : -74.154366 // Entidad : Entidad Estatal // Rango de Tiempo : 2 // Título : Obra puente calle 64 // Motivo : 2 // Costo : 2000000 // Contratista : Contratistas Estado //','2017-11-20 23:13:14','Móvil','Obra puente calle 64'),(465,1,970,0,1,' Departamento : 11 // Municipio : 11001 // Dirección : null // Latitud : 4.600242 // Longitud : -74.075281 // Entidad : Prueba // Rango de Tiempo : 2 // Título : Prueba Min tic // Motivo : 3 // Costo : 2000000 // Contratista : Min Ticos //','2017-11-21 08:27:30','Móvil','Prueba Min tic'),(466,1,971,0,1,' Departamento : 11 // Municipio : 11001 // Dirección : null // Latitud : 4.599783 // Longitud : -74.074554 // Entidad : Luisa Harry // Rango de Tiempo : 2 // Título : Reunión Min tic // Motivo : 2 // Costo : 200009 // Contratista : Prueba //','2017-11-21 08:54:10','Móvil','Reunión Min tic'),(467,5,844,0,2,' Entidad : n vas 2 // Rango de Tiempo : 1 // Titulo : Reporte 1 // Motivo : 3 // Costo : 2000 // Contratista : Invias //','2017-11-21 08:59:10','Móvil','Reporte 1'),(468,1,972,0,1,' Departamento : 11 // Municipio : 11001 // Dirección : null // Latitud : 4.599789 // Longitud : -74.074499 // Entidad : Prueba // Rango de Tiempo : 1 // Título : Prueba // Motivo : 2 // Costo : 200900 // Contratista : Prueba //','2017-11-21 09:55:32','Móvil','Prueba'),(469,1,973,0,1,' Departamento : 11 // Municipio : 11001 // Dirección : null // Latitud : 4.599908 // Longitud : -74.074412 // Entidad : Prueba 2 // Rango de Tiempo : 2 // Título : Prueba 2 // Motivo : 3 // Costo : 2090990 // Contratista : Prueba //','2017-11-21 09:58:14','Móvil','Prueba 2'),(470,5,844,0,2,' Entidad : n vas 2 // Rango de Tiempo : 1 // Titulo : Reporte 1 // Motivo : 3 // Costo : 2200 // Contratista : prueba //','2017-11-21 10:00:12','Móvil','Reporte 1'),(471,5,844,0,2,' Entidad : n vas 2 // Rango de Tiempo : 2 // Titulo : Reporte 1 // Motivo : 3 // Costo : 2200 // Contratista : prueba //','2017-11-23 15:02:18','Móvil','Reporte 1'),(472,5,844,0,2,' Entidad : n vas 2 // Rango de Tiempo : 2 // Titulo : Reporte 1 // Motivo : 3 // Costo : 220000 // Contratista : prueba Edición //','2017-11-23 15:02:55','Móvil','Reporte 1'),(473,5,844,0,2,' Entidad : Invías // Rango de Tiempo : 1 // Titulo : Reporte 2 // Motivo : 3 // Costo : 220000 // Contratista : prueba Edición //','2017-11-23 15:32:17','Móvil','Reporte 2'),(474,1,974,0,1,' Departamento : 25 // Municipio : 25200 // Dirección : Direccion // Latitud : 5.0596016 // Longitud : -73.9791577 // Entidad : posible entidad // Rango de Tiempo : 1 // Título : REGISTRO // Motivo : 1 // Costo : 123456789 // Contratista : admin //','2017-11-23 17:15:52','Móvil','REGISTRO'),(475,1,975,0,1,' Departamento : 25 // Municipio : 25200 // Dirección : Direccion // Latitud : 5.0596016 // Longitud : -73.9791577 // Entidad : posible entidad // Rango de Tiempo : 1 // Título : REGISTRO // Motivo : 1 // Costo : 123456789 // Contratista : admin //','2017-11-23 17:26:18','Móvil','REGISTRO'),(476,1,980,0,1,' Departamento : 25 // Municipio : 25200 // Dirección : Direccion // Latitud : 5.0596016 // Longitud : -73.9791577 // Entidad : posible entidad // Rango de Tiempo : 1 // Título : REGISTRO // Motivo : 1 // Costo : 123456789 // Contratista : admin //','2017-11-23 17:58:58','Móvil','REGISTRO'),(477,1,981,0,1,' Departamento : 25 // Municipio : 25200 // Dirección : Direccion // Latitud : 5.0596016 // Longitud : -73.9791577 // Entidad : posible entidad // Rango de Tiempo : 1 // Título : REGISTRO // Motivo : 1 // Costo : 123456789 // Contratista : admin //','2017-11-23 18:01:18','Móvil','REGISTRO'),(478,1,982,0,1,' Departamento : 25 // Municipio : 25200 // Dirección : Direccion // Latitud : 5.0596016 // Longitud : -73.9791577 // Entidad : posible entidad // Rango de Tiempo : 1 // Título : REGISTRO // Motivo : 1 // Costo : 123456789 // Contratista : admin //','2017-11-24 10:26:38','Móvil','REGISTRO'),(479,1,983,0,1,' Departamento : 25 // Municipio : 25200 // Dirección : Direccion // Latitud : 5.0596016 // Longitud : -73.9791577 // Entidad : posible entidad // Rango de Tiempo : 1 // Título : REGISTRO // Motivo : 1 // Costo : 123456789 // Contratista : admin //','2017-11-24 11:47:02','Móvil','REGISTRO'),(480,1,984,0,1,' Departamento : 25 // Municipio : 25200 // Dirección : Direccion // Latitud : 5.0596016 // Longitud : -73.9791577 // Entidad : posible entidad // Rango de Tiempo : 1 // Título : REGISTRO // Motivo : 1 // Costo : 123456789 // Contratista : admin //','2017-11-24 11:58:04','Móvil','REGISTRO'),(481,1,985,0,1,' Departamento : 25 // Municipio : 25200 // Dirección : Direccion // Latitud : 5.0596016 // Longitud : -73.9791577 // Entidad : posible entidad // Rango de Tiempo : 1 // Título : REGISTRO // Motivo : 1 // Costo : 123456789 // Contratista : admin //','2017-11-24 12:05:24','Móvil','REGISTRO'),(482,1,986,0,1,' Departamento : 25 // Municipio : 25200 // Dirección : Direccion // Latitud : 5.0596016 // Longitud : -73.9791577 // Entidad : posible entidad // Rango de Tiempo : 1 // Título : REGISTRO // Motivo : 1 // Costo : 123456789 // Contratista : admin //','2017-11-24 12:07:24','Móvil','REGISTRO'),(483,1,987,0,1,' Departamento : 11 // Municipio : 11001 // Dirección : null // Latitud : 4.683551986470468 // Longitud : -74.06155731528997 // Entidad : hhdhhs // Rango de Tiempo : 1 // Título : jjjjjjjjjjjj // Motivo : 2 // Costo : 6464 // Contratista : bdbdjs //','2017-11-24 14:35:28','Móvil','jjjjjjjjjjjj'),(484,1,988,0,1,' Departamento : 11 // Municipio : 11001 // Dirección : null // Latitud : 4.683551986470468 // Longitud : -74.06155731528997 // Entidad : hhdhhs // Rango de Tiempo : 1 // Título : jjjjjjjjjjjj // Motivo : 2 // Costo : 6464 // Contratista : bdbdjs //','2017-11-24 14:35:37','Móvil','jjjjjjjjjjjj'),(485,1,990,0,1,' Departamento : 11 // Municipio : 11001 // Dirección : null // Latitud : 4.7406083 // Longitud : -74.0631035 // Entidad : jdjsj // Rango de Tiempo : 3 // Título : qwerty // Motivo : 2 // Costo : 6464 // Contratista : null //','2017-11-24 16:35:15','Móvil','qwerty'),(486,8,951,0,2,'Se adicionó la foto: 1996 y la: 1997','2017-11-24 17:43:11','Móvil','REGISTRO'),(487,8,987,0,2,'Se adicionó la foto: 1998 y la: 1999','2017-11-24 18:04:42','Móvil','jjjjjjjjjjjj'),(488,8,987,0,2,'Se adicionó la foto: 2002 y la: 2003','2017-11-24 18:50:16','Móvil','jjjjjjjjjjjj'),(489,8,987,0,2,'Se adicionó la foto: 2004 y la: 2005','2017-11-24 18:50:17','Móvil','jjjjjjjjjjjj'),(490,8,987,0,2,'Se adicionó la foto: 2008 y la: 2009','2017-11-27 12:20:40','Móvil','jjjjjjjjjjjj'),(491,8,987,0,2,'Se adicionó la foto: 2010 y la: 2011','2017-11-27 12:20:52','Móvil','jjjjjjjjjjjj'),(492,8,852,0,2,'Se adicionó la foto: 2014 y la: 2015','2017-11-27 12:29:17','Móvil','dfg'),(493,8,852,0,2,'Se adicionó la foto: 2016 y la: 2017','2017-11-27 12:29:17','Móvil','dfg'),(494,8,850,0,2,'Se adicionó la foto: 2020 y la: 2021','2017-11-27 14:12:58','Móvil','lm'),(495,8,850,0,2,'Se adicionó la foto: 2022 y la: 2023','2017-11-27 14:12:59','Móvil','lm'),(496,8,954,0,2,'Se adicionó la foto: 2026 y la: 2027','2017-11-27 14:26:24','Móvil','jdjdjdkd'),(497,8,954,0,2,'Se adicionó la foto: 2028 y la: 2029','2017-11-27 14:26:25','Móvil','jdjdjdkd'),(498,8,954,0,2,'Se adicionó la foto: 2032 y la: 2033','2017-11-27 14:42:04','Móvil','jdjdjdkd'),(499,8,954,0,2,'Se adicionó la foto: 2034 y la: 2035','2017-11-27 14:42:05','Móvil','jdjdjdkd'),(500,8,954,0,2,'Se adicionó la foto: 2038 y la: 2039','2017-11-27 14:45:25','Móvil','jdjdjdkd'),(501,8,954,0,2,'Se adicionó la foto: 2040 y la: 2041','2017-11-27 14:45:27','Móvil','jdjdjdkd'),(502,8,951,0,2,'Se adicionó la foto: 2042 y la: 2045','2017-11-27 14:46:12','Móvil','REGISTRO'),(503,8,954,0,2,'Se adicionó la foto: 2046 y la: 2047','2017-11-27 14:46:39','Móvil','jdjdjdkd'),(504,8,954,0,2,'Se adicionó la foto: 2048 y la: 2049','2017-11-27 14:54:53','Móvil','jdjdjdkd'),(505,8,954,0,2,'Se adicionó la foto: 2052 y la: 2053','2017-11-27 15:01:29','Móvil','jdjdjdkd'),(506,8,954,0,2,'Se adicionó la foto: 2054 y la: 2055','2017-11-27 15:01:30','Móvil','jdjdjdkd'),(507,1,991,0,1,' Departamento : 11 // Municipio : 11001 // Dirección : null // Latitud : 4.6726908 // Longitud : -74.0638116 // Entidad : jwuwuw // Rango de Tiempo : 2 // Título : juwuw // Motivo : 1 // Costo : 97966 // Contratista : jdjejd //','2017-11-27 15:05:27','Móvil','juwuw'),(508,1,992,0,1,' Departamento : 11 // Municipio : 11001 // Dirección : null // Latitud : 4.6725271 // Longitud : -74.0635994 // Entidad : udueuued // Rango de Tiempo : 2 // Título : uwuuwuwuwuw // Motivo : 2 // Costo : 979464 // Contratista : ysuwueud //','2017-11-27 15:05:55','Móvil','uwuuwuwuwuw'),(509,1,993,0,1,' Departamento : 25 // Municipio : 25200 // Dirección : Direccion // Latitud : 5.0596016 // Longitud : -73.9791577 // Entidad : posible entidad // Rango de Tiempo : 1 // Título : REGISTRO // Motivo : 1 // Costo : 123456789 // Contratista : admin //','2017-11-27 15:09:50','Móvil','REGISTRO'),(510,1,994,0,1,' Departamento : 25 // Municipio : 25200 // Dirección : Direccion // Latitud : 5.0596016 // Longitud : -73.9791577 // Entidad : posible entidad // Rango de Tiempo : 1 // Título : REGISTRO // Motivo : 1 // Costo : 123456789 // Contratista : admin //','2017-11-27 15:19:02','Móvil','REGISTRO'),(511,1,995,0,1,' Departamento : 25 // Municipio : 25200 // Dirección : Direccion // Latitud : 5.0596016 // Longitud : -73.9791577 // Entidad : posible entidad // Rango de Tiempo : 1 // Título : REGISTRO // Motivo : 1 // Costo : 123456789 // Contratista : admin //','2017-11-27 15:19:02','Móvil','REGISTRO'),(512,8,873,0,2,'Se adicionó la foto: 2071 y la: 2072','2017-11-27 15:21:24','Móvil','ser haces'),(513,8,873,0,2,'Se adicionó la foto: 2073 y la: 2074','2017-11-27 15:21:26','Móvil','ser haces'),(514,8,954,0,2,'Se adicionó la foto: 2077 y la: 2078','2017-11-27 15:23:05','Móvil','jdjdjdkd'),(515,8,954,0,2,'Se adicionó la foto: 2079 y la: 2080','2017-11-27 15:24:03','Móvil','jdjdjdkd'),(516,8,896,0,2,'Se adicionó la foto: 2083 y la: 2084','2017-11-27 15:33:23','Móvil','ppp'),(517,8,896,0,2,'Se adicionó la foto: 2085 y la: 2086','2017-11-27 15:33:32','Móvil','ppp'),(518,8,992,0,2,'Se adicionó la foto: 2089 y la: 2090','2017-11-27 15:38:57','Móvil','uwuuwuwuwuw'),(519,8,992,0,2,'Se adicionó la foto: 2091 y la: 2092','2017-11-27 15:38:58','Móvil','uwuuwuwuwuw'),(520,8,954,0,2,'Se adicionó la foto: 2095 y la: 2096','2017-11-27 15:44:02','Móvil','jdjdjdkd'),(521,8,954,0,2,'Se adicionó la foto: 2097 y la: 2098','2017-11-27 15:44:04','Móvil','jdjdjdkd'),(522,8,992,0,2,'Se adicionó la foto: 2101 y la: 2102','2017-11-27 15:45:43','Móvil','uwuuwuwuwuw'),(523,8,992,0,2,'Se adicionó la foto: 2103 y la: 2104','2017-11-27 15:45:45','Móvil','uwuuwuwuwuw'),(524,8,992,0,2,'Se adicionó la foto: 2106 y la: 2107','2017-11-27 15:54:37','Móvil','uwuuwuwuwuw'),(525,8,992,0,2,'Se adicionó la foto: 2108 y la: 2109','2017-11-27 15:57:06','Móvil','uwuuwuwuwuw'),(526,8,954,0,2,'Se adicionó la foto: 2112 y la: 2113','2017-11-27 16:19:45','Móvil','jdjdjdkd'),(527,8,954,0,2,'Se adicionó la foto: 2114 y la: 2115','2017-11-27 16:19:48','Móvil','jdjdjdkd'),(528,8,954,0,2,'Se adicionó la foto: 2118 y la: 2119','2017-11-27 16:22:42','Móvil','jdjdjdkd'),(529,8,954,0,2,'Se adicionó la foto: 2120 y la: 2121','2017-11-27 16:22:46','Móvil','jdjdjdkd'),(530,8,954,0,2,'Se adicionó la foto: 2124 y la: 2125','2017-11-27 16:25:08','Móvil','jdjdjdkd'),(531,8,954,0,2,'Se adicionó la foto: 2126 y la: 2127','2017-11-27 16:25:11','Móvil','jdjdjdkd'),(532,8,954,0,2,'Se adicionó la foto: 2128 y la: 2129','2017-11-27 16:25:13','Móvil','jdjdjdkd'),(533,8,954,0,2,'Se adicionó la foto: 2130 y la: 2131','2017-11-27 16:25:14','Móvil','jdjdjdkd'),(534,8,954,0,2,'Se adicionó la foto: 2132 y la: 2133','2017-11-27 16:25:16','Móvil','jdjdjdkd'),(535,8,954,0,2,'Se adicionó la foto: 2134 y la: 2135','2017-11-27 16:25:18','Móvil','jdjdjdkd'),(536,8,954,0,2,'Se adicionó la foto: 2136 y la: 2137','2017-11-27 16:25:19','Móvil','jdjdjdkd'),(537,8,954,0,2,'Se adicionó la foto: 2138 y la: 2139','2017-11-27 16:25:21','Móvil','jdjdjdkd'),(538,8,852,0,2,'Se adicionó la foto: 2140 y la: 2141','2017-11-27 16:28:18','Móvil','dfg'),(539,8,852,0,2,'Se adicionó la foto: 2142 y la: 2143','2017-11-27 16:29:38','Móvil','dfg'),(540,8,852,0,2,'Se adicionó la foto: 2146 y la: 2149','2017-11-27 16:44:06','Móvil','dfg'),(541,8,852,0,2,'Se adicionó la foto: 2147 y la: 2148','2017-11-27 16:44:06','Móvil','dfg'),(542,8,852,0,2,'Se adicionó la foto: 2152 y la: 2153','2017-11-27 16:48:06','Móvil','dfg'),(543,1,996,0,1,' Departamento : 25 // Municipio : 25200 // Dirección : Direccion // Latitud : 5.0596016 // Longitud : -73.9791577 // Entidad : posible entidad // Rango de Tiempo : 1 // Título : REGISTRO // Motivo : 1 // Costo : 123456789 // Contratista : admin //','2017-11-27 16:49:44','Móvil','REGISTRO'),(544,8,991,0,2,'Se adicionó la foto: 2156 y la: 2157','2017-11-27 16:50:35','Móvil','EL tiempo'),(545,8,991,0,2,'Se adicionó la foto: 2160 y la: 2161','2017-11-27 16:52:07','Móvil','EL tiempo'),(546,8,991,0,2,'Se adicionó la foto: 2162 y la: 2163','2017-11-27 16:52:08','Móvil','EL tiempo'),(547,1,997,0,1,' Departamento : 25 // Municipio : 25200 // Dirección : Direccion // Latitud : 5.0596016 // Longitud : -73.9791577 // Entidad : posible entidad // Rango de Tiempo : 1 // Título : REGISTRO // Motivo : 1 // Costo : 123456789 // Contratista : admin //','2017-11-27 17:06:57','Móvil','REGISTRO'),(548,1,998,0,1,' Departamento : 25 // Municipio : 25200 // Dirección : Direccion // Latitud : 5.0596016 // Longitud : -73.9791577 // Entidad : posible entidad // Rango de Tiempo : 1 // Título : REGISTRO // Motivo : 1 // Costo : 123456789 // Contratista : admin //','2017-11-27 17:06:58','Móvil','REGISTRO'),(549,8,954,0,2,'Se adicionó la foto: 2169 y la: 2171','2017-11-27 17:07:03','Móvil','jdjdjdkd'),(550,8,954,0,2,'Se adicionó la foto: 2168 y la: 2170','2017-11-27 17:07:04','Móvil','jdjdjdkd'),(551,8,954,0,2,'Se adicionó la foto: 2172 y la: 2173','2017-11-27 17:07:05','Móvil','jdjdjdkd'),(552,8,954,0,2,'Se adicionó la foto: 2174 y la: 2175','2017-11-27 17:07:06','Móvil','jdjdjdkd'),(553,8,954,0,2,'Se adicionó la foto: 2184 y la: 2185','2017-11-27 17:11:13','Móvil','jdjdjdkd'),(554,8,954,0,2,'Se adicionó la foto: 2186 y la: 2187','2017-11-27 17:13:48','Móvil','jdjdjdkd'),(555,8,954,0,2,'Se adicionó la foto: 2188 y la: 2189','2017-11-27 17:13:49','Móvil','jdjdjdkd'),(556,8,954,0,2,'Se adicionó la foto: 2190 y la: 2191','2017-11-27 17:13:51','Móvil','jdjdjdkd'),(557,8,954,0,2,'Se adicionó la foto: 2192 y la: 2193','2017-11-27 17:13:53','Móvil','jdjdjdkd'),(558,8,954,0,2,'Se adicionó la foto: 2194 y la: 2195','2017-11-27 17:13:57','Móvil','jdjdjdkd'),(559,8,954,0,2,'Se adicionó la foto: 2196 y la: 2197','2017-11-27 17:13:58','Móvil','jdjdjdkd'),(560,8,954,0,2,'Se adicionó la foto: 2198 y la: 2199','2017-11-27 17:14:00','Móvil','jdjdjdkd'),(561,8,954,0,2,'Se adicionó la foto: 2200 y la: 2201','2017-11-27 17:14:01','Móvil','jdjdjdkd'),(562,8,954,0,2,'Se adicionó la foto: 2202 y la: 2203','2017-11-27 17:14:03','Móvil','jdjdjdkd'),(563,8,954,0,2,'Se adicionó la foto: 2204 y la: 2205','2017-11-27 17:14:05','Móvil','jdjdjdkd'),(564,1,999,0,1,' Departamento : 25 // Municipio : 25200 // Dirección : Direccion // Latitud : 5.0596016 // Longitud : -73.9791577 // Entidad : posible entidad // Rango de Tiempo : 1 // Título : REGISTRO // Motivo : 1 // Costo : 123456789 // Contratista : admin //','2017-11-27 17:14:18','Móvil','REGISTRO'),(565,1,1000,0,1,' Departamento : 25 // Municipio : 25200 // Dirección : Direccion // Latitud : 5.0596016 // Longitud : -73.9791577 // Entidad : posible entidad // Rango de Tiempo : 1 // Título : REGISTRO // Motivo : 1 // Costo : 123456789 // Contratista : admin //','2017-11-27 17:14:20','Móvil','REGISTRO'),(566,1,1002,0,1,' Departamento : 25 // Municipio : 25200 // Dirección : Direccion // Latitud : 5.0596016 // Longitud : -73.9791577 // Entidad : posible entidad // Rango de Tiempo : 1 // Título : REGISTRO // Motivo : 1 // Costo : 123456789 // Contratista : admin //','2017-11-27 17:17:46','Móvil','REGISTRO'),(567,1,1003,0,1,' Departamento : 25 // Municipio : 25200 // Dirección : Direccion // Latitud : 5.0596016 // Longitud : -73.9791577 // Entidad : posible entidad // Rango de Tiempo : 1 // Título : REGISTRO // Motivo : 1 // Costo : 123456789 // Contratista : admin //','2017-11-27 17:17:51','Móvil','REGISTRO'),(568,1,1004,0,1,' Departamento : 25 // Municipio : 25200 // Dirección : Direccion // Latitud : 5.0596016 // Longitud : -73.9791577 // Entidad : posible entidad // Rango de Tiempo : 1 // Título : REGISTRO // Motivo : 1 // Costo : 123456789 // Contratista : admin //','2017-11-27 17:17:53','Móvil','REGISTRO'),(569,1,1005,0,1,' Departamento : 25 // Municipio : 25200 // Dirección : Direccion // Latitud : 5.0596016 // Longitud : -73.9791577 // Entidad : posible entidad // Rango de Tiempo : 1 // Título : REGISTRO // Motivo : 1 // Costo : 123456789 // Contratista : admin //','2017-11-27 17:17:55','Móvil','REGISTRO'),(570,1,1006,0,1,' Departamento : 25 // Municipio : 25200 // Dirección : Direccion // Latitud : 5.0596016 // Longitud : -73.9791577 // Entidad : posible entidad // Rango de Tiempo : 1 // Título : REGISTRO // Motivo : 1 // Costo : 123456789 // Contratista : admin //','2017-11-27 17:17:58','Móvil','REGISTRO'),(571,1,1007,0,1,' Departamento : 25 // Municipio : 25200 // Dirección : Direccion // Latitud : 5.0596016 // Longitud : -73.9791577 // Entidad : posible entidad // Rango de Tiempo : 1 // Título : REGISTRO // Motivo : 1 // Costo : 123456789 // Contratista : admin //','2017-11-27 17:18:00','Móvil','REGISTRO'),(572,1,1008,0,1,' Departamento : 25 // Municipio : 25200 // Dirección : Direccion // Latitud : 5.0596016 // Longitud : -73.9791577 // Entidad : posible entidad // Rango de Tiempo : 1 // Título : REGISTRO // Motivo : 1 // Costo : 123456789 // Contratista : admin //','2017-11-27 17:18:03','Móvil','REGISTRO'),(573,8,954,0,2,'Se adicionó la foto: 2226 y la: 2227','2017-11-27 17:18:13','Móvil','jdjdjdkd'),(574,8,954,0,2,'Se adicionó la foto: 2228 y la: 2229','2017-11-27 17:18:15','Móvil','jdjdjdkd'),(575,8,954,0,2,'Se adicionó la foto: 2230 y la: 2231','2017-11-27 17:18:17','Móvil','jdjdjdkd'),(576,8,954,0,2,'Se adicionó la foto: 2232 y la: 2233','2017-11-27 17:18:18','Móvil','jdjdjdkd'),(577,8,954,0,2,'Se adicionó la foto: 2234 y la: 2235','2017-11-27 17:18:20','Móvil','jdjdjdkd'),(578,8,954,0,2,'Se adicionó la foto: 2236 y la: 2237','2017-11-27 17:18:22','Móvil','jdjdjdkd'),(579,8,954,0,2,'Se adicionó la foto: 2238 y la: 2239','2017-11-27 17:18:24','Móvil','jdjdjdkd'),(580,8,954,0,2,'Se adicionó la foto: 2241 y la: 2242','2017-11-27 17:35:02','Móvil','jdjdjdkd'),(581,8,954,0,2,'Se adicionó la foto: 2243 y la: 2244','2017-11-27 17:35:04','Móvil','jdjdjdkd'),(582,8,954,0,2,'Se adicionó la foto: 2251 y la: 2252','2017-11-27 17:36:26','Móvil','jdjdjdkd'),(583,8,954,0,2,'Se adicionó la foto: 2253 y la: 2254','2017-11-27 17:36:31','Móvil','jdjdjdkd'),(584,8,954,0,2,'Se adicionó la foto: 2255 y la: 2256','2017-11-27 17:53:34','Móvil','jdjdjdkd'),(585,8,954,0,2,'Se adicionó la foto: 2257 y la: 2258','2017-11-27 17:53:50','Móvil','jdjdjdkd'),(586,8,954,0,2,'Se adicionó la foto: 2259 y la: 2260','2017-11-27 17:53:52','Móvil','jdjdjdkd'),(587,8,954,0,2,'Se adicionó la foto: 2261 y la: 2262','2017-11-27 17:53:54','Móvil','jdjdjdkd'),(588,8,954,0,2,'Se adicionó la foto: 2263 y la: 2264','2017-11-27 17:55:38','Móvil','jdjdjdkd'),(589,8,954,0,2,'Se adicionó la foto: 2265 y la: 2266','2017-11-27 17:55:45','Móvil','jdjdjdkd'),(590,8,991,0,2,'Se adicionó la foto: 2267 y la: 2268','2017-11-27 17:59:23','Móvil','EL tiempo'),(591,8,991,0,2,'Se adicionó la foto: 2269 y la: 2270','2017-11-27 17:59:48','Móvil','EL tiempo'),(592,8,954,0,2,'Se adicionó la foto: 2274 y la: 2275','2017-11-27 18:00:34','Móvil','jdjdjdkd'),(593,8,954,0,2,'Se adicionó la foto: 2276 y la: 2277','2017-11-27 18:01:41','Móvil','jdjdjdkd'),(594,8,954,0,2,'Se adicionó la foto: 2278 y la: 2279','2017-11-27 18:02:25','Móvil','jdjdjdkd'),(595,8,880,0,2,'Se adicionó la foto: 2280 y la: 2281','2017-11-27 18:03:44','Móvil','matadero publico'),(596,8,880,0,2,'Se adicionó la foto: 2282 y la: 2283','2017-11-27 18:03:59','Móvil','matadero publico'),(597,8,880,0,2,'Se adicionó la foto: 2284 y la: 2285','2017-11-27 18:04:15','Móvil','matadero publico'),(598,8,880,0,2,'Se adicionó la foto: 2286 y la: 2287','2017-11-27 18:04:32','Móvil','matadero publico'),(599,8,880,0,2,'Se adicionó la foto: 2288 y la: 2289','2017-11-27 18:04:48','Móvil','matadero publico'),(600,8,954,0,2,'Se adicionó la foto: 2292 y la: 2293','2017-11-28 10:43:46','Móvil','jdjdjdkd'),(601,8,954,0,2,'Se adicionó la foto: 2294 y la: 2295','2017-11-28 11:19:27','Móvil','jdjdjdkd'),(602,8,954,0,2,'Se adicionó la foto: 2298 y la: 2299','2017-11-28 11:21:32','Móvil','jdjdjdkd'),(603,8,954,0,2,'Se adicionó la foto: 2300 y la: 2301','2017-11-28 11:27:06','Móvil','jdjdjdkd'),(604,8,954,0,2,'Se adicionó la foto: 2302 y la: 2303','2017-11-28 11:28:14','Móvil','jdjdjdkd'),(605,8,954,0,2,'Se adicionó la foto: 2304 y la: 2305','2017-11-28 11:28:21','Móvil','jdjdjdkd'),(606,8,954,0,2,'Se adicionó la foto: 2306 y la: 2307','2017-11-28 11:28:22','Móvil','jdjdjdkd'),(607,8,954,0,2,'Se adicionó la foto: 2308 y la: 2309','2017-11-28 11:28:24','Móvil','jdjdjdkd'),(608,8,954,0,2,'Se adicionó la foto: 2310 y la: 2311','2017-11-28 11:28:26','Móvil','jdjdjdkd'),(609,8,954,0,2,'Se adicionó la foto: 2312 y la: 2313','2017-11-28 11:28:28','Móvil','jdjdjdkd'),(610,8,954,0,2,'Se adicionó la foto: 2314 y la: 2315','2017-11-28 11:28:29','Móvil','jdjdjdkd'),(611,8,954,0,2,'Se adicionó la foto: 2316 y la: 2317','2017-11-28 11:28:31','Móvil','jdjdjdkd'),(612,8,954,0,2,'Se adicionó la foto: 2318 y la: 2319','2017-11-28 11:28:33','Móvil','jdjdjdkd'),(613,8,954,0,2,'Se adicionó la foto: 2320 y la: 2321','2017-11-28 11:28:34','Móvil','jdjdjdkd'),(614,8,954,0,2,'Se adicionó la foto: 2322 y la: 2323','2017-11-28 11:28:36','Móvil','jdjdjdkd'),(615,8,954,0,2,'Se adicionó la foto: 2324 y la: 2325','2017-11-28 11:28:38','Móvil','jdjdjdkd'),(616,8,954,0,2,'Se adicionó la foto: 2326 y la: 2327','2017-11-28 11:28:40','Móvil','jdjdjdkd'),(617,8,954,0,2,'Se adicionó la foto: 2328 y la: 2329','2017-11-28 11:28:53','Móvil','jdjdjdkd'),(618,8,954,0,2,'Se adicionó la foto: 2330 y la: 2331','2017-11-28 11:28:55','Móvil','jdjdjdkd'),(619,8,954,0,2,'Se adicionó la foto: 2332 y la: 2333','2017-11-28 11:28:56','Móvil','jdjdjdkd'),(620,8,954,0,2,'Se adicionó la foto: 2339 y la: 2340','2017-11-28 11:30:52','Móvil','jdjdjdkd'),(621,8,954,0,2,'Se adicionó la foto: 2341 y la: 2342','2017-11-28 11:30:54','Móvil','jdjdjdkd'),(622,8,954,0,2,'Se adicionó la foto: 2343 y la: 2344','2017-11-28 11:30:56','Móvil','jdjdjdkd'),(623,8,954,0,2,'Se adicionó la foto: 2345 y la: 2346','2017-11-28 11:30:58','Móvil','jdjdjdkd'),(624,8,954,0,2,'Se adicionó la foto: 2347 y la: 2348','2017-11-28 11:31:00','Móvil','jdjdjdkd'),(625,8,954,0,2,'Se adicionó la foto: 2349 y la: 2350','2017-11-28 11:31:02','Móvil','jdjdjdkd'),(626,8,954,0,2,'Se adicionó la foto: 2351 y la: 2352','2017-11-28 11:31:05','Móvil','jdjdjdkd'),(627,8,954,0,2,'Se adicionó la foto: 2353 y la: 2354','2017-11-28 11:31:06','Móvil','jdjdjdkd'),(628,8,954,0,2,'Se adicionó la foto: 2355 y la: 2356','2017-11-28 11:31:08','Móvil','jdjdjdkd'),(629,8,954,0,2,'Se adicionó la foto: 2357 y la: 2358','2017-11-28 11:32:17','Móvil','jdjdjdkd'),(630,8,954,0,2,'Se adicionó la foto: 2359 y la: 2360','2017-11-28 11:32:23','Móvil','jdjdjdkd'),(631,8,954,0,2,'Se adicionó la foto: 2361 y la: 2362','2017-11-28 11:32:25','Móvil','jdjdjdkd'),(632,8,954,0,2,'Se adicionó la foto: 2363 y la: 2364','2017-11-28 11:32:27','Móvil','jdjdjdkd'),(633,8,954,0,2,'Se adicionó la foto: 2365 y la: 2366','2017-11-28 11:32:29','Móvil','jdjdjdkd'),(634,8,954,0,2,'Se adicionó la foto: 2367 y la: 2368','2017-11-28 11:32:31','Móvil','jdjdjdkd'),(635,8,954,0,2,'Se adicionó la foto: 2369 y la: 2370','2017-11-28 11:32:32','Móvil','jdjdjdkd'),(636,8,954,0,2,'Se adicionó la foto: 2371 y la: 2372','2017-11-28 11:32:34','Móvil','jdjdjdkd'),(637,8,954,0,2,'Se adicionó la foto: 2373 y la: 2374','2017-11-28 11:32:36','Móvil','jdjdjdkd'),(638,8,954,0,2,'Se adicionó la foto: 2375 y la: 2376','2017-11-28 11:32:38','Móvil','jdjdjdkd'),(639,8,954,0,2,'Se adicionó la foto: 2377 y la: 2378','2017-11-28 12:04:36','Móvil','jdjdjdkd'),(640,8,954,0,2,'Se adicionó la foto: 2379 y la: 2380','2017-11-28 12:19:22','Móvil','jdjdjdkd'),(641,8,954,0,2,'Se adicionó la foto: 2381 y la: 2382','2017-11-28 12:19:24','Móvil','jdjdjdkd'),(642,8,954,0,2,'Se adicionó la foto: 2385 y la: 2386','2017-11-28 12:20:01','Móvil','jdjdjdkd'),(643,8,954,0,2,'Se adicionó la foto: 2387 y la: 2388','2017-11-28 12:20:03','Móvil','jdjdjdkd'),(644,8,954,0,2,'Se adicionó la foto: 2389 y la: 2390','2017-11-28 12:20:05','Móvil','jdjdjdkd'),(645,8,954,0,2,'Se adicionó la foto: 2391 y la: 2392','2017-11-28 12:20:07','Móvil','jdjdjdkd'),(646,8,954,0,2,'Se adicionó la foto: 2393 y la: 2394','2017-11-28 12:20:09','Móvil','jdjdjdkd'),(647,8,954,0,2,'Se adicionó la foto: 2397 y la: 2398','2017-11-28 12:23:17','Móvil','jdjdjdkd'),(648,8,954,0,2,'Se adicionó la foto: 2399 y la: 2400','2017-11-28 12:23:20','Móvil','jdjdjdkd'),(649,8,954,0,2,'Se adicionó la foto: 2403 y la: 2404','2017-11-28 12:37:49','Móvil','jdjdjdkd'),(650,8,954,0,2,'Se adicionó la foto: 2405 y la: 2406','2017-11-28 12:38:05','Móvil','jdjdjdkd'),(651,8,954,0,2,'Se adicionó la foto: 2409 y la: 2410','2017-11-28 12:38:22','Móvil','jdjdjdkd'),(652,8,954,0,2,'Se adicionó la foto: 2411 y la: 2412','2017-11-28 12:38:30','Móvil','jdjdjdkd'),(653,8,954,0,2,'Se adicionó la foto: 2413 y la: 2414','2017-11-28 12:38:31','Móvil','jdjdjdkd'),(654,8,954,0,2,'Se adicionó la foto: 2415 y la: 2416','2017-11-28 12:38:33','Móvil','jdjdjdkd'),(655,8,954,0,2,'Se adicionó la foto: 2417 y la: 2418','2017-11-28 14:14:16','Móvil','jdjdjdkd'),(656,8,954,0,2,'Se adicionó la foto: 2419 y la: 2420','2017-11-28 14:14:19','Móvil','jdjdjdkd'),(657,8,954,0,2,'Se adicionó la foto: 2421 y la: 2422','2017-11-28 14:14:21','Móvil','jdjdjdkd'),(658,8,954,0,2,'Se adicionó la foto: 2423 y la: 2424','2017-11-28 14:14:23','Móvil','jdjdjdkd'),(659,8,896,0,2,'Se adicionó la foto: 2425 y la: 2426','2017-11-28 14:21:50','Móvil','ppp'),(660,5,896,0,2,' Entidad : ssss // Rango de Tiempo : 2 // Titulo : ppp // Motivo : 3 // Costo : 125888 // Contratista :  //','2017-11-28 14:21:56','Móvil','ppp'),(661,5,896,0,2,' Entidad : ssss // Rango de Tiempo : 2 // Titulo : ppp // Motivo : 3 // Costo : 125888 // Contratista :  //','2017-11-28 14:21:57','Móvil','ppp'),(662,2,1008,1,2,'Estado título: validado // Estado entidad: validado // Estado motivo: validado // Estado foto: validado // ','2017-12-04 15:28:50','weeewrer','REGISTRO'),(663,2,1007,1,2,'Estado título: validado // Estado entidad: validado // Estado motivo: validado // Estado foto: validado // Estado rango tiempo: validado // Estado costo: validado // Estado contratista: validado // ','2017-12-04 16:05:16','dsaasdasddsa','REGISTRO'),(664,2,844,1,2,'Estado título: validado // Estado entidad: validado // Estado motivo: validado // Estado foto: validado // Estado rango tiempo: validado // Estado costo: validado // Estado contratista: validado // ','2017-12-04 16:06:42','dsaasdasddsa','Reporte 2'),(665,2,969,1,2,'Estado título: validado // Estado entidad: validado // Estado motivo: validado // Estado foto: validado // Estado rango tiempo: validado // Estado costo: validado // Estado contratista: validado // ','2017-12-04 16:42:29','vcxxvcvcxvcx','Obra puente calle 64'),(666,1,1017,0,1,' Departamento : 11 // Municipio : 11001 // Dirección : null // Latitud : 4.676376 // Longitud : -74.049022 // Entidad : Asesoftware // Rango de Tiempo : 2 // Título : Prueba 1 // Motivo : 2 // Costo : 20000000 // Contratista : Parques 1 //','2017-12-05 11:31:44','Móvil','Prueba 1'),(667,1,1018,0,1,' Departamento : 11 // Municipio : 11001 // Dirección : null // Latitud : 4.676197 // Longitud : -74.049002 // Entidad : Asesoftware // Rango de Tiempo : 2 // Título : Prueba 2 // Motivo : 3 // Costo : 2000000 // Contratista : Invias //','2017-12-05 11:41:41','Móvil','Prueba 2'),(668,1,1019,0,1,' Departamento : 11 // Municipio : 11001 // Dirección : null // Latitud : 4.676218 // Longitud : -74.049105 // Entidad : Prurba // Rango de Tiempo : 1 // Título : Pure a 3 // Motivo : 1 // Costo : 100000000 // Contratista : El Pais //','2017-12-05 12:57:30','Móvil','Pure a 3'),(669,2,1019,1,2,'Estado título: validado // Estado entidad: validado // Estado motivo: validado // Estado foto: validado // Estado rango tiempo: validado // Estado costo: validado // Estado contratista: validado // ','2017-12-05 13:41:19','YTRYRTYRTYTR','Pure a 3'),(670,3,1017,1,2,'Razón rechazo: 1// Estado titulo: rechazado // Estado entidad: rechazado // Estado motivo: rechazado // ','2017-12-05 13:53:48','wddsadsadas','Prueba 1'),(671,3,1018,1,2,'Razón rechazo: 1// Estado titulo: rechazado // Estado entidad: rechazado // Estado motivo: rechazado // ','2017-12-05 14:50:10','fdssdfdssfd','Prueba 2'),(672,1,1020,0,1,' Departamento : 11 // Municipio : 11001 // Dirección : null // Latitud : 4.676396 // Longitud : -74.048922 // Entidad : Asesoftware // Rango de Tiempo : 3 // Título : Prueba 3 // Motivo : 3 // Costo : 5000000 // Contratista : Asesoftware //','2017-12-05 15:29:14','Móvil','Prueba 3'),(673,1,1021,0,1,' Departamento : 11 // Municipio : 11001 // Dirección : null // Latitud : 4.67633 // Longitud : -74.049153 // Entidad : Asesoftware // Rango de Tiempo : 4 // Título : Prueba 5 // Motivo : 4 // Costo : 500000000 // Contratista : Asovias //','2017-12-05 15:47:02','Móvil','Prueba 5'),(674,2,1021,1,2,'Estado título: validado // Estado entidad: validado // Estado motivo: validado // Estado foto: validado // Estado rango tiempo: validado // Estado costo: validado // Estado contratista: validado // ','2017-12-05 16:39:42','likjullkljljk','Prueba 5'),(675,5,1021,0,2,' Entidad : Asesoftware // Rango de Tiempo : 4 // Titulo : Prueba 5 // Motivo : 4 // Costo : 500000000 // Contratista : Asovias //','2017-12-05 16:40:17','Móvil','Prueba 5'),(676,1,1022,0,1,' Departamento : 11 // Municipio : 11001 // Dirección : null // Latitud : 4.676037 // Longitud : -74.049084 // Entidad : Asesoftware // Rango de Tiempo : 3 // Título : Prueba 6 // Motivo : 3 // Costo : 100000000 // Contratista : Asovias //','2017-12-06 09:09:47','Móvil','Prueba 6'),(677,2,1022,1,2,'Estado título: validado // Estado entidad: validado // Estado motivo: validado // Estado foto: validado // Estado rango tiempo: validado // Estado costo: validado // Estado contratista: validado // ','2017-12-06 09:28:45','fsdsdffsdsfd','Prueba 6'),(678,5,836,0,2,' Entidad : lmfr // Rango de Tiempo : 1 // Titulo : lmfr // Motivo : 2 // Costo : 64646 // Contratista : Empresa //','2017-12-06 10:39:42','Móvil','lmfr'),(679,1,1023,0,1,' Departamento : 11 // Municipio : 11001 // Dirección : null // Latitud : 4.676257 // Longitud : -74.048984 // Entidad : Asesoftware // Rango de Tiempo : 2 // Título : Prueba 7 // Motivo : 3 // Costo : 45000000 // Contratista : Prueba //','2017-12-06 10:56:29','Móvil','Prueba 7'),(680,2,1023,1,2,'Estado título: validado // Estado entidad: validado // Estado motivo: validado // Estado foto: validado // Estado rango tiempo: validado // Estado costo: validado // Estado contratista: validado // ','2017-12-06 10:57:59','jgfjhfhfhgfhgf','Prueba 7'),(681,5,1007,0,2,' Entidad : posible entidad // Rango de Tiempo : 1 // Titulo : REGISTRO // Motivo : 1 // Costo : 123456789 // Contratista : admin //','2017-12-06 13:43:29','Móvil','REGISTRO'),(682,1,1024,0,1,' Departamento : 11 // Municipio : 11001 // Dirección : null // Latitud : 4.676024 // Longitud : -74.049004 // Entidad : Asesoftware // Rango de Tiempo : 2 // Título : Prueba 10 // Motivo : 3 // Costo : 5000 // Contratista : Socially //','2017-12-06 16:45:59','Móvil','Prueba 10'),(683,1,1025,0,1,' Departamento : 11 // Municipio : 11001 // Dirección : null // Latitud : 4.676131 // Longitud : -74.049017 // Entidad : Asesoftware // Rango de Tiempo : 2 // Título : Prueba 11 // Motivo : 2 // Costo : 890765431 // Contratista : Mine //','2017-12-06 16:46:43','Móvil','Prueba 11'),(684,1,1026,0,1,' Departamento : 11 // Municipio : 11001 // Dirección : null // Latitud : 4.676432 // Longitud : -74.049207 // Entidad : Asesoftware // Rango de Tiempo : 2 // Título : Prueba 12 // Motivo : 3 // Costo : 25000000 // Contratista : Asesoftware //','2017-12-06 16:47:37','Móvil','Prueba 12'),(685,1,1027,0,1,' Departamento : 11 // Municipio : 11001 // Dirección : null // Latitud : 4.676132 // Longitud : -74.048935 // Entidad : El Corra // Rango de Tiempo : 2 // Título : Prurbauy 34 // Motivo : 3 // Costo : 6709999999 // Contratista : Send //','2017-12-06 16:51:30','Móvil','Prurbauy 34'),(686,1,1028,0,1,' Departamento : 11 // Municipio : 11001 // Dirección : null // Latitud : 4.6679 // Longitud : -74.154382 // Entidad : Asesoftware // Rango de Tiempo : 2 // Título : Prueba 17 // Motivo : 2 // Costo : 2000000 // Contratista : Asesoftware //','2017-12-06 22:07:18','Móvil','Prueba 17'),(687,2,1028,1,2,'Estado título: validado // Estado entidad: validado // Estado motivo: validado // Estado foto: validado // Estado rango tiempo: validado // Estado costo: validado // Estado contratista: validado // ','2017-12-06 22:22:12','admin','Prueba 17'),(688,2,1020,1,2,'Estado título: validado // Estado entidad: validado // Estado motivo: validado // Estado foto: validado // Estado rango tiempo: validado // Estado costo: validado // Estado contratista: validado // ','2017-12-06 22:31:21','admin','Prueba 3'),(689,1,1029,0,1,' Departamento : 11 // Municipio : 11001 // Dirección : null // Latitud : 4.668019 // Longitud : -74.154369 // Entidad : Please // Rango de Tiempo : 3 // Título : Prueba18 // Motivo : 3 // Costo : 5000000 // Contratista : Asesoftware //','2017-12-06 22:33:02','Móvil','Prueba18'),(690,1,1030,0,1,' Departamento : 11 // Municipio : 11001 // Dirección : null // Latitud : 4.668019 // Longitud : -74.154369 // Entidad : Antitrust Case // Rango de Tiempo : 3 // Título : Mac Prueba // Motivo : 3 // Costo : 3450000000 // Contratista : Asesoftware //','2017-12-06 22:35:11','Móvil','Mac Prueba'),(691,3,1030,1,2,'Razón rechazo: 1// Estado titulo: rechazado // Estado entidad: rechazado // Estado motivo: rechazado // ','2017-12-06 22:37:26','admin','Mac Prueba'),(692,2,1029,1,2,'Estado título: validado // Estado entidad: validado // Estado motivo: validado // Estado foto: validado // Estado rango tiempo: validado // Estado costo: validado // Estado contratista: validado // ','2017-12-07 11:26:51','Gestor','Prueba18'),(693,1,1031,0,1,' Departamento : 11 // Municipio : 11001 // Dirección : null // Latitud : 4.599891 // Longitud : -74.074491 // Entidad : Asesoftware // Rango de Tiempo : 2 // Título : Prueba Mintic // Motivo : 3 // Costo : 2000000 // Contratista : Asesoftware //','2017-12-07 14:58:55','Móvil','Prueba Mintic'),(694,5,1031,0,2,' Entidad : Asesoftware // Rango de Tiempo : 2 // Titulo : Prueba Mintic // Motivo : 3 // Costo : 2000000 // Contratista : Asesoftware //','2017-12-07 14:59:24','Móvil','Prueba Mintic'),(695,2,1031,1,2,'Estado título: validado // Estado entidad: validado // Estado motivo: validado // Estado foto: validado // Estado rango tiempo: validado // Estado costo: validado // Estado contratista: validado // ','2017-12-07 15:00:32','Gestor','Prueba Mintic'),(696,1,1032,0,1,' Departamento : 11 // Municipio : 11001 // Dirección : null // Latitud : 4.599832 // Longitud : -74.074506 // Entidad : Asesoftware // Rango de Tiempo : 2 // Título : Prueba recharging // Motivo : 3 // Costo : 300000000 // Contratista : Asesoftware //','2017-12-07 15:03:09','Móvil','Prueba recharging'),(697,3,1032,1,2,'Razón rechazo: 1// Estado titulo: rechazado // Estado entidad: rechazado // Estado motivo: rechazado // ','2017-12-07 15:05:16','Gestor','Prueba recharging'),(698,2,1027,1,2,'Estado título: validado // Estado entidad: validado // Estado motivo: validado // Estado foto: validado // ','2017-12-11 14:35:31','Gestor','Prurbauy 34');
/*!40000 ALTER TABLE `stra_auditoria` ENABLE KEYS */;
UNLOCK TABLES;

--
-- Table structure for table `stra_tipos`
--

DROP TABLE IF EXISTS `stra_tipos`;
/*!40101 SET @saved_cs_client     = @@character_set_client */;
/*!40101 SET character_set_client = utf8 */;
CREATE TABLE `stra_tipos` (
  `id_stra_tpo` int(11) NOT NULL AUTO_INCREMENT,
  `nombre` varchar(45) NOT NULL,
  PRIMARY KEY (`id_stra_tpo`)
) ENGINE=InnoDB AUTO_INCREMENT=4 DEFAULT CHARSET=utf8;
/*!40101 SET character_set_client = @saved_cs_client */;

--
-- Dumping data for table `stra_tipos`
--

LOCK TABLES `stra_tipos` WRITE;
/*!40000 ALTER TABLE `stra_tipos` DISABLE KEYS */;
INSERT INTO `stra_tipos` VALUES (1,'Crear'),(2,'Actualizar'),(3,'Eliminar');
/*!40000 ALTER TABLE `stra_tipos` ENABLE KEYS */;
UNLOCK TABLES;
/*!40103 SET TIME_ZONE=@OLD_TIME_ZONE */;

/*!40101 SET SQL_MODE=@OLD_SQL_MODE */;
/*!40014 SET FOREIGN_KEY_CHECKS=@OLD_FOREIGN_KEY_CHECKS */;
/*!40014 SET UNIQUE_CHECKS=@OLD_UNIQUE_CHECKS */;
/*!40101 SET CHARACTER_SET_CLIENT=@OLD_CHARACTER_SET_CLIENT */;
/*!40101 SET CHARACTER_SET_RESULTS=@OLD_CHARACTER_SET_RESULTS */;
/*!40101 SET COLLATION_CONNECTION=@OLD_COLLATION_CONNECTION */;
/*!40111 SET SQL_NOTES=@OLD_SQL_NOTES */;

-- Dump completed on 2017-12-11 16:05:53
